{
  "name": "dnd-asr-language-pack",
  "version": "1.1.0",
  "generated_utc": "2026-01-27T19:33:20.325056Z",
  "counts": {
    "base_v1_0_0_rows": 299,
    "new_rows_added": 17113,
    "total_rows": 17346,
    "unique_canonical_terms": 16238,
    "new_unique_species_terms": 282,
    "new_unique_spell_terms": 3387,
    "new_unique_item_terms": 12497,
    "class_hints_added": 13
  },
  "files": {
    "csv": "/mnt/data/dnd-asr-language-pack-v1.1.0/dnd-asr-language-pack-v1.1.0.csv",
    "jsonl": "/mnt/data/dnd-asr-language-pack-v1.1.0/dnd-asr-language-pack-v1.1.0.jsonl",
    "phrase_hints_txt": "/mnt/data/dnd-asr-language-pack-v1.1.0/dnd-asr-phrase-hints-v1.1.0.txt"
  },
  "schema": [
    "id",
    "heard",
    "canonical",
    "type",
    "confidence",
    "priority",
    "category",
    "notes",
    "context_include",
    "context_exclude",
    "example_in",
    "example_out"
  ],
  "notes": [
    "This pack extends v1.0.0 with compendium-derived ASR hints for species, spells, and items.",
    "Canonical terms are normalized to lower-case, punctuation-stripped speech-friendly forms.",
    "Use phrase_hints_txt as an optional prompt/phrase-list for ASR engines that support biasing/hints."
  ]
}