id,heard,canonical,type,confidence,priority,category,notes,context_include,context_exclude,example_in,example_out
asrpack:hint:ability_check:ability_check,ability check,ability check,hint,1.0,99,asr_hint,ASR vocabulary/phrase hint. Keep as-is; use to bias recognition toward fantasy/D&D terms.,[],[],,
asrpack:hint:armor_class:armor_class,armor class,armor class,hint,1.0,99,asr_hint,ASR vocabulary/phrase hint. Keep as-is; use to bias recognition toward fantasy/D&D terms.,[],[],,
asrpack:hint:bandit:bandit,bandit,bandit,hint,1.0,99,asr_hint,ASR vocabulary/phrase hint. Keep as-is; use to bias recognition toward fantasy/D&D terms.,[],[],,
asrpack:hint:barbarian:barbarian,barbarian,barbarian,hint,1.0,99,asr_hint,ASR vocabulary/phrase hint. Keep as-is; use to bias recognition toward fantasy/D&D terms.,[],[],,
asrpack:hint:bard:bard,bard,bard,hint,1.0,99,asr_hint,ASR vocabulary/phrase hint. Keep as-is; use to bias recognition toward fantasy/D&D terms.,[],[],,
asrpack:hint:barkeep:barkeep,barkeep,barkeep,hint,1.0,99,asr_hint,ASR vocabulary/phrase hint. Keep as-is; use to bias recognition toward fantasy/D&D terms.,[],[],,
asrpack:hint:barmaid:barmaid,barmaid,barmaid,hint,1.0,99,asr_hint,ASR vocabulary/phrase hint. Keep as-is; use to bias recognition toward fantasy/D&D terms.,[],[],,
asrpack:hint:barman:barman,barman,barman,hint,1.0,99,asr_hint,ASR vocabulary/phrase hint. Keep as-is; use to bias recognition toward fantasy/D&D terms.,[],[],,
asrpack:hint:bounty_board:bounty_board,bounty board,bounty board,hint,1.0,99,asr_hint,ASR vocabulary/phrase hint. Keep as-is; use to bias recognition toward fantasy/D&D terms.,[],[],,
asrpack:hint:cantrip:cantrip,cantrip,cantrip,hint,1.0,99,asr_hint,ASR vocabulary/phrase hint. Keep as-is; use to bias recognition toward fantasy/D&D terms.,[],[],,
asrpack:hint:cleric:cleric,cleric,cleric,hint,1.0,99,asr_hint,ASR vocabulary/phrase hint. Keep as-is; use to bias recognition toward fantasy/D&D terms.,[],[],,
asrpack:hint:concentration:concentration,concentration,concentration,hint,1.0,99,asr_hint,ASR vocabulary/phrase hint. Keep as-is; use to bias recognition toward fantasy/D&D terms.,[],[],,
asrpack:hint:copper:copper,copper,copper,hint,1.0,99,asr_hint,ASR vocabulary/phrase hint. Keep as-is; use to bias recognition toward fantasy/D&D terms.,[],[],,
asrpack:hint:counterspell:counterspell,counterspell,counterspell,hint,1.0,99,asr_hint,ASR vocabulary/phrase hint. Keep as-is; use to bias recognition toward fantasy/D&D terms.,[],[],,
asrpack:hint:cp:cp,cp,cp,hint,1.0,99,asr_hint,ASR vocabulary/phrase hint. Keep as-is; use to bias recognition toward fantasy/D&D terms.,[],[],,
asrpack:hint:cultist:cultist,cultist,cultist,hint,1.0,99,asr_hint,ASR vocabulary/phrase hint. Keep as-is; use to bias recognition toward fantasy/D&D terms.,[],[],,
asrpack:hint:cure_wounds:cure_wounds,cure wounds,cure wounds,hint,1.0,99,asr_hint,ASR vocabulary/phrase hint. Keep as-is; use to bias recognition toward fantasy/D&D terms.,[],[],,
asrpack:hint:d10:d10,d10,d10,hint,1.0,99,asr_hint,ASR vocabulary/phrase hint. Keep as-is; use to bias recognition toward fantasy/D&D terms.,[],[],,
asrpack:hint:d12:d12,d12,d12,hint,1.0,99,asr_hint,ASR vocabulary/phrase hint. Keep as-is; use to bias recognition toward fantasy/D&D terms.,[],[],,
asrpack:hint:d20:d20,d20,d20,hint,1.0,99,asr_hint,ASR vocabulary/phrase hint. Keep as-is; use to bias recognition toward fantasy/D&D terms.,[],[],,
asrpack:hint:d4:d4,d4,d4,hint,1.0,99,asr_hint,ASR vocabulary/phrase hint. Keep as-is; use to bias recognition toward fantasy/D&D terms.,[],[],,
asrpack:hint:d6:d6,d6,d6,hint,1.0,99,asr_hint,ASR vocabulary/phrase hint. Keep as-is; use to bias recognition toward fantasy/D&D terms.,[],[],,
asrpack:hint:d8:d8,d8,d8,hint,1.0,99,asr_hint,ASR vocabulary/phrase hint. Keep as-is; use to bias recognition toward fantasy/D&D terms.,[],[],,
asrpack:hint:deception:deception,deception,deception,hint,1.0,99,asr_hint,ASR vocabulary/phrase hint. Keep as-is; use to bias recognition toward fantasy/D&D terms.,[],[],,
asrpack:hint:dispel_magic:dispel_magic,dispel magic,dispel magic,hint,1.0,99,asr_hint,ASR vocabulary/phrase hint. Keep as-is; use to bias recognition toward fantasy/D&D terms.,[],[],,
asrpack:hint:dragon:dragon,dragon,dragon,hint,1.0,99,asr_hint,ASR vocabulary/phrase hint. Keep as-is; use to bias recognition toward fantasy/D&D terms.,[],[],,
asrpack:hint:druid:druid,druid,druid,hint,1.0,99,asr_hint,ASR vocabulary/phrase hint. Keep as-is; use to bias recognition toward fantasy/D&D terms.,[],[],,
asrpack:hint:dungeon:dungeon,dungeon,dungeon,hint,1.0,99,asr_hint,ASR vocabulary/phrase hint. Keep as-is; use to bias recognition toward fantasy/D&D terms.,[],[],,
asrpack:hint:fighter:fighter,fighter,fighter,hint,1.0,99,asr_hint,ASR vocabulary/phrase hint. Keep as-is; use to bias recognition toward fantasy/D&D terms.,[],[],,
asrpack:hint:fireball:fireball,fireball,fireball,hint,1.0,99,asr_hint,ASR vocabulary/phrase hint. Keep as-is; use to bias recognition toward fantasy/D&D terms.,[],[],,
asrpack:hint:goblin:goblin,goblin,goblin,hint,1.0,99,asr_hint,ASR vocabulary/phrase hint. Keep as-is; use to bias recognition toward fantasy/D&D terms.,[],[],,
asrpack:hint:gold:gold,gold,gold,hint,1.0,99,asr_hint,ASR vocabulary/phrase hint. Keep as-is; use to bias recognition toward fantasy/D&D terms.,[],[],,
asrpack:hint:gp:gp,gp,gp,hint,1.0,99,asr_hint,ASR vocabulary/phrase hint. Keep as-is; use to bias recognition toward fantasy/D&D terms.,[],[],,
asrpack:hint:healing_word:healing_word,healing word,healing word,hint,1.0,99,asr_hint,ASR vocabulary/phrase hint. Keep as-is; use to bias recognition toward fantasy/D&D terms.,[],[],,
asrpack:hint:hit_points:hit_points,hit points,hit points,hint,1.0,99,asr_hint,ASR vocabulary/phrase hint. Keep as-is; use to bias recognition toward fantasy/D&D terms.,[],[],,
asrpack:hint:initiative:initiative,initiative,initiative,hint,1.0,99,asr_hint,ASR vocabulary/phrase hint. Keep as-is; use to bias recognition toward fantasy/D&D terms.,[],[],,
asrpack:hint:inn:inn,inn,inn,hint,1.0,99,asr_hint,ASR vocabulary/phrase hint. Keep as-is; use to bias recognition toward fantasy/D&D terms.,[],[],,
asrpack:hint:insight:insight,insight,insight,hint,1.0,99,asr_hint,ASR vocabulary/phrase hint. Keep as-is; use to bias recognition toward fantasy/D&D terms.,[],[],,
asrpack:hint:intimidation:intimidation,intimidation,intimidation,hint,1.0,99,asr_hint,ASR vocabulary/phrase hint. Keep as-is; use to bias recognition toward fantasy/D&D terms.,[],[],,
asrpack:hint:investigation:investigation,investigation,investigation,hint,1.0,99,asr_hint,ASR vocabulary/phrase hint. Keep as-is; use to bias recognition toward fantasy/D&D terms.,[],[],,
asrpack:hint:invisibility:invisibility,invisibility,invisibility,hint,1.0,99,asr_hint,ASR vocabulary/phrase hint. Keep as-is; use to bias recognition toward fantasy/D&D terms.,[],[],,
asrpack:hint:kobold:kobold,kobold,kobold,hint,1.0,99,asr_hint,ASR vocabulary/phrase hint. Keep as-is; use to bias recognition toward fantasy/D&D terms.,[],[],,
asrpack:hint:lich:lich,lich,lich,hint,1.0,99,asr_hint,ASR vocabulary/phrase hint. Keep as-is; use to bias recognition toward fantasy/D&D terms.,[],[],,
asrpack:hint:long_rest:long_rest,long rest,long rest,hint,1.0,99,asr_hint,ASR vocabulary/phrase hint. Keep as-is; use to bias recognition toward fantasy/D&D terms.,[],[],,
asrpack:hint:misty_step:misty_step,misty step,misty step,hint,1.0,99,asr_hint,ASR vocabulary/phrase hint. Keep as-is; use to bias recognition toward fantasy/D&D terms.,[],[],,
asrpack:hint:monk:monk,monk,monk,hint,1.0,99,asr_hint,ASR vocabulary/phrase hint. Keep as-is; use to bias recognition toward fantasy/D&D terms.,[],[],,
asrpack:hint:nat_1:nat_1,nat 1,nat 1,hint,1.0,99,asr_hint,ASR vocabulary/phrase hint. Keep as-is; use to bias recognition toward fantasy/D&D terms.,[],[],,
asrpack:hint:nat_20:nat_20,nat 20,nat 20,hint,1.0,99,asr_hint,ASR vocabulary/phrase hint. Keep as-is; use to bias recognition toward fantasy/D&D terms.,[],[],,
asrpack:hint:opportunity_attack:opportunity_attack,opportunity attack,opportunity attack,hint,1.0,99,asr_hint,ASR vocabulary/phrase hint. Keep as-is; use to bias recognition toward fantasy/D&D terms.,[],[],,
asrpack:hint:orc:orc,orc,orc,hint,1.0,99,asr_hint,ASR vocabulary/phrase hint. Keep as-is; use to bias recognition toward fantasy/D&D terms.,[],[],,
asrpack:hint:paladin:paladin,paladin,paladin,hint,1.0,99,asr_hint,ASR vocabulary/phrase hint. Keep as-is; use to bias recognition toward fantasy/D&D terms.,[],[],,
asrpack:hint:perception:perception,perception,perception,hint,1.0,99,asr_hint,ASR vocabulary/phrase hint. Keep as-is; use to bias recognition toward fantasy/D&D terms.,[],[],,
asrpack:hint:persuasion:persuasion,persuasion,persuasion,hint,1.0,99,asr_hint,ASR vocabulary/phrase hint. Keep as-is; use to bias recognition toward fantasy/D&D terms.,[],[],,
asrpack:hint:platinum:platinum,platinum,platinum,hint,1.0,99,asr_hint,ASR vocabulary/phrase hint. Keep as-is; use to bias recognition toward fantasy/D&D terms.,[],[],,
asrpack:hint:pp:pp,pp,pp,hint,1.0,99,asr_hint,ASR vocabulary/phrase hint. Keep as-is; use to bias recognition toward fantasy/D&D terms.,[],[],,
asrpack:hint:quest_board:quest_board,quest board,quest board,hint,1.0,99,asr_hint,ASR vocabulary/phrase hint. Keep as-is; use to bias recognition toward fantasy/D&D terms.,[],[],,
asrpack:hint:ranger:ranger,ranger,ranger,hint,1.0,99,asr_hint,ASR vocabulary/phrase hint. Keep as-is; use to bias recognition toward fantasy/D&D terms.,[],[],,
asrpack:hint:rogue:rogue,rogue,rogue,hint,1.0,99,asr_hint,ASR vocabulary/phrase hint. Keep as-is; use to bias recognition toward fantasy/D&D terms.,[],[],,
asrpack:hint:saving_throw:saving_throw,saving throw,saving throw,hint,1.0,99,asr_hint,ASR vocabulary/phrase hint. Keep as-is; use to bias recognition toward fantasy/D&D terms.,[],[],,
asrpack:hint:short_rest:short_rest,short rest,short rest,hint,1.0,99,asr_hint,ASR vocabulary/phrase hint. Keep as-is; use to bias recognition toward fantasy/D&D terms.,[],[],,
asrpack:hint:silver:silver,silver,silver,hint,1.0,99,asr_hint,ASR vocabulary/phrase hint. Keep as-is; use to bias recognition toward fantasy/D&D terms.,[],[],,
asrpack:hint:sorcerer:sorcerer,sorcerer,sorcerer,hint,1.0,99,asr_hint,ASR vocabulary/phrase hint. Keep as-is; use to bias recognition toward fantasy/D&D terms.,[],[],,
asrpack:hint:sp:sp,sp,sp,hint,1.0,99,asr_hint,ASR vocabulary/phrase hint. Keep as-is; use to bias recognition toward fantasy/D&D terms.,[],[],,
asrpack:hint:spell_slot:spell_slot,spell slot,spell slot,hint,1.0,99,asr_hint,ASR vocabulary/phrase hint. Keep as-is; use to bias recognition toward fantasy/D&D terms.,[],[],,
asrpack:hint:stealth:stealth,stealth,stealth,hint,1.0,99,asr_hint,ASR vocabulary/phrase hint. Keep as-is; use to bias recognition toward fantasy/D&D terms.,[],[],,
asrpack:hint:tavern:tavern,tavern,tavern,hint,1.0,99,asr_hint,ASR vocabulary/phrase hint. Keep as-is; use to bias recognition toward fantasy/D&D terms.,[],[],,
asrpack:hint:undead:undead,undead,undead,hint,1.0,99,asr_hint,ASR vocabulary/phrase hint. Keep as-is; use to bias recognition toward fantasy/D&D terms.,[],[],,
asrpack:hint:warlock:warlock,warlock,warlock,hint,1.0,99,asr_hint,ASR vocabulary/phrase hint. Keep as-is; use to bias recognition toward fantasy/D&D terms.,[],[],,
asrpack:hint:wizard:wizard,wizard,wizard,hint,1.0,99,asr_hint,ASR vocabulary/phrase hint. Keep as-is; use to bias recognition toward fantasy/D&D terms.,[],[],,
asrpack:phrase:walk_into_the_tavern:walk_into_the_cavern,walk into the cavern,walk into the tavern,phrase,0.92,95,phrase_core,High-confidence common ASR phrase correction. Apply before word-level fixes.,[],[],walk into the cavern,walk into the tavern
asrpack:phrase:walked_into_the_tavern:walked_into_the_cavern,walked into the cavern,walked into the tavern,phrase,0.92,95,phrase_core,High-confidence common ASR phrase correction. Apply before word-level fixes.,[],[],walked into the cavern,walked into the tavern
asrpack:phrase:go_into_the_tavern:go_into_the_cavern,go into the cavern,go into the tavern,phrase,0.92,95,phrase_core,High-confidence common ASR phrase correction. Apply before word-level fixes.,[],[],go into the cavern,go into the tavern
asrpack:phrase:enter_the_tavern:enter_the_cavern,enter the cavern,enter the tavern,phrase,0.92,95,phrase_core,High-confidence common ASR phrase correction. Apply before word-level fixes.,[],[],enter the cavern,enter the tavern
asrpack:phrase:order_an_ale:order_a_nail,order a nail,order an ale,phrase,0.92,95,phrase_core,High-confidence common ASR phrase correction. Apply before word-level fixes.,[],[],order a nail,order an ale
asrpack:phrase:buy_an_ale:buy_a_nail,buy a nail,buy an ale,phrase,0.92,95,phrase_core,High-confidence common ASR phrase correction. Apply before word-level fixes.,[],[],buy a nail,buy an ale
asrpack:phrase:grab_an_ale:grab_a_nail,grab a nail,grab an ale,phrase,0.92,95,phrase_core,High-confidence common ASR phrase correction. Apply before word-level fixes.,[],[],grab a nail,grab an ale
asrpack:phrase:two_ales:two_nails,two nails,two ales,phrase,0.92,95,phrase_core,High-confidence common ASR phrase correction. Apply before word-level fixes.,[],[],two nails,two ales
asrpack:phrase:three_ales:three_nails,three nails,three ales,phrase,0.92,95,phrase_core,High-confidence common ASR phrase correction. Apply before word-level fixes.,[],[],three nails,three ales
asrpack:phrase:an_ale_please:a_nail_please,a nail please,an ale please,phrase,0.92,95,phrase_core,High-confidence common ASR phrase correction. Apply before word-level fixes.,[],[],a nail please,an ale please
asrpack:phrase:talk_to_the_barmaid:talk_to_the_bar_made,talk to the bar made,talk to the barmaid,phrase,0.92,95,phrase_core,High-confidence common ASR phrase correction. Apply before word-level fixes.,[],[],talk to the bar made,talk to the barmaid
asrpack:phrase:talk_to_the_barmaid:talk_to_the_bar_maid,talk to the bar maid,talk to the barmaid,phrase,0.92,95,phrase_core,High-confidence common ASR phrase correction. Apply before word-level fixes.,[],[],talk to the bar maid,talk to the barmaid
asrpack:phrase:speak_to_the_barmaid:speak_to_the_bar_made,speak to the bar made,speak to the barmaid,phrase,0.92,95,phrase_core,High-confidence common ASR phrase correction. Apply before word-level fixes.,[],[],speak to the bar made,speak to the barmaid
asrpack:phrase:talk_to_the_barman:talk_to_the_bar_man,talk to the bar man,talk to the barman,phrase,0.92,95,phrase_core,High-confidence common ASR phrase correction. Apply before word-level fixes.,[],[],talk to the bar man,talk to the barman
asrpack:phrase:roll_initiative:roll_an_issue,roll an issue,roll initiative,phrase,0.92,95,phrase_core,High-confidence common ASR phrase correction. Apply before word-level fixes.,[],[],roll an issue,roll initiative
asrpack:phrase:roll_initiative:roll_in_initiative,roll in initiative,roll initiative,phrase,0.92,95,phrase_core,High-confidence common ASR phrase correction. Apply before word-level fixes.,[],[],roll in initiative,roll initiative
asrpack:phrase:roll_initiative:role_initiative,role initiative,roll initiative,phrase,0.92,95,phrase_core,High-confidence common ASR phrase correction. Apply before word-level fixes.,[],[],role initiative,roll initiative
asrpack:phrase:make_a_perception_check:make_a_perception_chick,make a perception chick,make a perception check,phrase,0.92,95,phrase_core,High-confidence common ASR phrase correction. Apply before word-level fixes.,[],[],make a perception chick,make a perception check
asrpack:phrase:make_a_perception_check:make_a_perception_cheque,make a perception cheque,make a perception check,phrase,0.92,95,phrase_core,High-confidence common ASR phrase correction. Apply before word-level fixes.,[],[],make a perception cheque,make a perception check
asrpack:phrase:make_a_stealth_check:make_a_stealth_check,make a stealth check,make a stealth check,phrase,0.92,95,phrase_core,High-confidence common ASR phrase correction. Apply before word-level fixes.,[],[],make a stealth check,make a stealth check
asrpack:phrase:cast_fireball:cast_fairy_ball,cast fairy ball,cast fireball,phrase,0.92,95,phrase_core,High-confidence common ASR phrase correction. Apply before word-level fixes.,[],[],cast fairy ball,cast fireball
asrpack:phrase:cast_fireball:cast_firewall,cast firewall,cast fireball,phrase,0.92,95,phrase_core,High-confidence common ASR phrase correction. Apply before word-level fixes.,[],[],cast firewall,cast fireball
asrpack:phrase:cast_cure_wounds:cast_cure_wounds,cast cure wounds,cast cure wounds,phrase,0.92,95,phrase_core,High-confidence common ASR phrase correction. Apply before word-level fixes.,[],[],cast cure wounds,cast cure wounds
asrpack:phrase:cast_healing_word:cast_healing_word,cast healing word,cast healing word,phrase,0.92,95,phrase_core,High-confidence common ASR phrase correction. Apply before word-level fixes.,[],[],cast healing word,cast healing word
asrpack:phrase:opportunity_attack:attack_of_opportunity,attack of opportunity,opportunity attack,phrase,0.92,95,phrase_core,High-confidence common ASR phrase correction. Apply before word-level fixes.,[],[],attack of opportunity,opportunity attack
asrpack:phrase:opportunity_attack:opportunity_attack,opportunity attack,opportunity attack,phrase,0.92,95,phrase_core,High-confidence common ASR phrase correction. Apply before word-level fixes.,[],[],opportunity attack,opportunity attack
asrpack:phrase:armor_class:armor_glass,armor glass,armor class,phrase,0.92,95,phrase_core,High-confidence common ASR phrase correction. Apply before word-level fixes.,[],[],armor glass,armor class
asrpack:phrase:hit_points:hit_points,hit points,hit points,phrase,0.92,95,phrase_core,High-confidence common ASR phrase correction. Apply before word-level fixes.,[],[],hit points,hit points
asrpack:phrase:difficulty_class:difficulty_class,difficulty class,difficulty class,phrase,0.92,95,phrase_core,High-confidence common ASR phrase correction. Apply before word-level fixes.,[],[],difficulty class,difficulty class
asrpack:phrase:dungeon_master:dungeon_master,dungeon master,dungeon master,phrase,0.92,95,phrase_core,High-confidence common ASR phrase correction. Apply before word-level fixes.,[],[],dungeon master,dungeon master
asrpack:phrase:game_master:game_master,game master,game master,phrase,0.92,95,phrase_core,High-confidence common ASR phrase correction. Apply before word-level fixes.,[],[],game master,game master
asrpack:phrase:non_player_character:non_player_character,non player character,non-player character,phrase,0.92,95,phrase_core,High-confidence common ASR phrase correction. Apply before word-level fixes.,[],[],non player character,non-player character
asrpack:phrase:player_character:player_character,player character,player character,phrase,0.92,95,phrase_core,High-confidence common ASR phrase correction. Apply before word-level fixes.,[],[],player character,player character
asrpack:phrase:bbeg:big_bad_evil_guy,big bad evil guy,BBEG,phrase,0.92,95,phrase_core,High-confidence common ASR phrase correction. Apply before word-level fixes.,[],[],big bad evil guy,BBEG
asrpack:phrase:tpk:total_party_kill,total party kill,TPK,phrase,0.92,95,phrase_core,High-confidence common ASR phrase correction. Apply before word-level fixes.,[],[],total party kill,TPK
asrpack:phrase:long_rest:long_breast,long breast,long rest,phrase,0.92,95,phrase_core,High-confidence common ASR phrase correction. Apply before word-level fixes.,[],[],long breast,long rest
asrpack:phrase:short_rest:short_breast,short breast,short rest,phrase,0.92,95,phrase_core,High-confidence common ASR phrase correction. Apply before word-level fixes.,[],[],short breast,short rest
asrpack:phrase:short_rest:short_rust,short rust,short rest,phrase,0.92,95,phrase_core,High-confidence common ASR phrase correction. Apply before word-level fixes.,[],[],short rust,short rest
asrpack:phrase:saving_throw:saving_throw,saving throw,saving throw,phrase,0.92,95,phrase_core,High-confidence common ASR phrase correction. Apply before word-level fixes.,[],[],saving throw,saving throw
asrpack:phrase:ability_check:ability_check,ability check,ability check,phrase,0.92,95,phrase_core,High-confidence common ASR phrase correction. Apply before word-level fixes.,[],[],ability check,ability check
asrpack:phrase:skill_check:skill_check,skill check,skill check,phrase,0.92,95,phrase_core,High-confidence common ASR phrase correction. Apply before word-level fixes.,[],[],skill check,skill check
asrpack:phrase:make_a_dexterity_saving_throw:make_a_dex_save,make a dex save,make a dexterity saving throw,phrase,0.92,95,phrase_core,High-confidence common ASR phrase correction. Apply before word-level fixes.,[],[],make a dex save,make a dexterity saving throw
asrpack:phrase:make_a_constitution_saving_throw:make_a_con_save,make a con save,make a constitution saving throw,phrase,0.92,95,phrase_core,High-confidence common ASR phrase correction. Apply before word-level fixes.,[],[],make a con save,make a constitution saving throw
asrpack:phrase:make_a_wisdom_saving_throw:make_a_wis_save,make a wis save,make a wisdom saving throw,phrase,0.92,95,phrase_core,High-confidence common ASR phrase correction. Apply before word-level fixes.,[],[],make a wis save,make a wisdom saving throw
asrpack:phrase:make_a_charisma_saving_throw:make_a_cha_save,make a cha save,make a charisma saving throw,phrase,0.92,95,phrase_core,High-confidence common ASR phrase correction. Apply before word-level fixes.,[],[],make a cha save,make a charisma saving throw
asrpack:phrase:make_a_strength_saving_throw:make_a_str_save,make a str save,make a strength saving throw,phrase,0.92,95,phrase_core,High-confidence common ASR phrase correction. Apply before word-level fixes.,[],[],make a str save,make a strength saving throw
asrpack:phrase:make_an_intelligence_saving_throw:make_a_int_save,make a int save,make an intelligence saving throw,phrase,0.92,95,phrase_core,High-confidence common ASR phrase correction. Apply before word-level fixes.,[],[],make a int save,make an intelligence saving throw
asrpack:phrase:roll_to_hit:roll_to_hit,roll to hit,roll to hit,phrase,0.92,95,phrase_core,High-confidence common ASR phrase correction. Apply before word-level fixes.,[],[],roll to hit,roll to hit
asrpack:phrase:roll_for_damage:roll_for_damage,roll for damage,roll for damage,phrase,0.92,95,phrase_core,High-confidence common ASR phrase correction. Apply before word-level fixes.,[],[],roll for damage,roll for damage
asrpack:phrase:roll_a_nat_20:roll_a_natural_20,roll a natural 20,roll a nat 20,phrase,0.92,95,phrase_core,High-confidence common ASR phrase correction. Apply before word-level fixes.,[],[],roll a natural 20,roll a nat 20
asrpack:phrase:roll_a_nat_1:roll_a_natural_1,roll a natural 1,roll a nat 1,phrase,0.92,95,phrase_core,High-confidence common ASR phrase correction. Apply before word-level fixes.,[],[],roll a natural 1,roll a nat 1
asrpack:word:tavern:cavern,cavern,tavern,word,0.9,80,worldbuilding,Common ASR substitution.,[],[],,
asrpack:word:ale:nail,nail,ale,word,0.9,80,worldbuilding,Common ASR substitution.,[],[],,
asrpack:word:quest_board:quest_bored,quest bored,quest board,word,0.9,80,worldbuilding,Common ASR substitution.,[],[],,
asrpack:word:bounty_board:bounty_bored,bounty bored,bounty board,word,0.9,80,worldbuilding,Common ASR substitution.,[],[],,
asrpack:word:armor_class:armor_glass,armor glass,armor class,word,0.9,80,rules,Common ASR substitution.,[],[],,
asrpack:word:gnome:known,known,gnome,word,0.9,80,character,Common ASR substitution.,[],[],,
asrpack:word:dwarf:dorf,dorf,dwarf,word,0.9,80,character,Common ASR substitution.,[],[],,
asrpack:word:cleric:clear_it,clear it,cleric,word,0.9,80,character,Common ASR substitution.,[],[],,
asrpack:word:paladin:pallet_in,pallet in,paladin,word,0.9,80,character,Common ASR substitution.,[],[],,
asrpack:word:ranger:arranger,arranger,ranger,word,0.9,80,character,Common ASR substitution.,[],[],,
asrpack:word:rogue:row,row,rogue,word,0.9,80,character,Common ASR substitution.,[],[],,
asrpack:word:wizard:lizard,lizard,wizard,word,0.9,80,character,Common ASR substitution.,[],[],,
asrpack:word:warlock:warlike,warlike,warlock,word,0.9,80,character,Common ASR substitution.,[],[],,
asrpack:word:cantrip:cant_trip,cant trip,cantrip,word,0.9,80,spells,Common ASR substitution.,[],[],,
asrpack:word:fireball:fire_wall,fire wall,fireball,word,0.9,80,spells,Common ASR substitution.,[],[],,
asrpack:word:barmaid:bar_made,bar made,barmaid,word,0.82,65,worldbuilding,Common ASR substitution.,[],[],,
asrpack:word:barmaid:bar_maid,bar maid,barmaid,word,0.82,65,worldbuilding,Common ASR substitution.,[],[],,
asrpack:word:inn:inn,inn,inn,word,0.82,65,worldbuilding,Common ASR substitution.,[],[],,
asrpack:word:stew:stew,stew,stew,word,0.82,65,worldbuilding,Common ASR substitution.,[],[],,
asrpack:word:gale:gale,gale,gale,word,0.82,65,worldbuilding,Common ASR substitution.,[],[],,
asrpack:word:armor:armor,armor,armor,word,0.82,65,rules,Common ASR substitution.,[],[],,
asrpack:word:armor_class:armor_class,armor class,armor class,word,0.82,65,rules,Common ASR substitution.,[],[],,
asrpack:word:hit_points:hit_point,hit point,hit points,word,0.82,65,rules,Common ASR substitution.,[],[],,
asrpack:word:hit_points:hit_points,hit points,hit points,word,0.82,65,rules,Common ASR substitution.,[],[],,
asrpack:word:initiative:initiative,initiative,initiative,word,0.82,65,combat,Common ASR substitution.,[],[],,
asrpack:word:initiative:in_issue_it_if,in issue it if,initiative,word,0.82,65,combat,Common ASR substitution.,[],[],,
asrpack:word:initiative:in_issue_it,in issue it,initiative,word,0.82,65,combat,Common ASR substitution.,[],[],,
asrpack:word:perception:perception,perception,perception,word,0.82,65,rules,Common ASR substitution.,[],[],,
asrpack:word:investigation:investigation,investigation,investigation,word,0.82,65,rules,Common ASR substitution.,[],[],,
asrpack:word:stealth:stealth,stealth,stealth,word,0.82,65,rules,Common ASR substitution.,[],[],,
asrpack:word:insight:insight,insight,insight,word,0.82,65,rules,Common ASR substitution.,[],[],,
asrpack:word:persuasion:persuasion,persuasion,persuasion,word,0.82,65,rules,Common ASR substitution.,[],[],,
asrpack:word:deception:deception,deception,deception,word,0.82,65,rules,Common ASR substitution.,[],[],,
asrpack:word:intimidation:intimidation,intimidation,intimidation,word,0.82,65,rules,Common ASR substitution.,[],[],,
asrpack:word:dungeon:dungeon,dungeon,dungeon,word,0.82,65,exploration,Common ASR substitution.,[],[],,
asrpack:word:dragon:drag_in,drag in,dragon,word,0.82,65,monsters,Common ASR substitution.,[],[],,
asrpack:word:orc:orc,orc,orc,word,0.82,65,monsters,Common ASR substitution.,[],[],,
asrpack:word:orcs:orcs,orcs,orcs,word,0.82,65,monsters,Common ASR substitution.,[],[],,
asrpack:word:gnome:gnome,gnome,gnome,word,0.82,65,character,Common ASR substitution.,[],[],,
asrpack:word:dwarf:dwarf,dwarf,dwarf,word,0.82,65,character,Common ASR substitution.,[],[],,
asrpack:word:cleric:cleric,cleric,cleric,word,0.82,65,character,Common ASR substitution.,[],[],,
asrpack:word:paladin:paladin,paladin,paladin,word,0.82,65,character,Common ASR substitution.,[],[],,
asrpack:word:ranger:ranger,ranger,ranger,word,0.82,65,character,Common ASR substitution.,[],[],,
asrpack:word:rogue:rogue,rogue,rogue,word,0.82,65,character,Common ASR substitution.,[],[],,
asrpack:word:wizard:wizard,wizard,wizard,word,0.82,65,character,Common ASR substitution.,[],[],,
asrpack:word:warlock:warlock,warlock,warlock,word,0.82,65,character,Common ASR substitution.,[],[],,
asrpack:word:sorcerer:sorcerer,sorcerer,sorcerer,word,0.82,65,character,Common ASR substitution.,[],[],,
asrpack:word:sorcerer:source_error,source error,sorcerer,word,0.82,65,character,Common ASR substitution.,[],[],,
asrpack:word:barbarian:barbarian,barbarian,barbarian,word,0.82,65,character,Common ASR substitution.,[],[],,
asrpack:word:bard:bard,bard,bard,word,0.82,65,character,Common ASR substitution.,[],[],,
asrpack:word:bard:barred,barred,bard,word,0.82,65,character,Common ASR substitution.,[],[],,
asrpack:word:monk:monk,monk,monk,word,0.82,65,character,Common ASR substitution.,[],[],,
asrpack:word:fighter:fighter,fighter,fighter,word,0.82,65,character,Common ASR substitution.,[],[],,
asrpack:word:spell:spelled,spelled,spell,word,0.82,65,spells,Common ASR substitution.,[],[],,
asrpack:word:spells:spells,spells,spells,word,0.82,65,spells,Common ASR substitution.,[],[],,
asrpack:word:spell_slot:spell_slot,spell slot,spell slot,word,0.82,65,spells,Common ASR substitution.,[],[],,
asrpack:word:spell_slots:spell_slots,spell slots,spell slots,word,0.82,65,spells,Common ASR substitution.,[],[],,
asrpack:word:cantrip:cantrip,cantrip,cantrip,word,0.82,65,spells,Common ASR substitution.,[],[],,
asrpack:word:concentration:concentration,concentration,concentration,word,0.82,65,spells,Common ASR substitution.,[],[],,
asrpack:word:fireball:fireball,fireball,fireball,word,0.82,65,spells,Common ASR substitution.,[],[],,
asrpack:word:misty_step:misty_step,misty step,misty step,word,0.82,65,spells,Common ASR substitution.,[],[],,
asrpack:word:misty_step:misty_steps,misty steps,misty step,word,0.82,65,spells,Common ASR substitution.,[],[],,
asrpack:word:healing_word:healing_word,healing word,healing word,word,0.82,65,spells,Common ASR substitution.,[],[],,
asrpack:word:cure_wounds:cure_wounds,cure wounds,cure wounds,word,0.82,65,spells,Common ASR substitution.,[],[],,
asrpack:word:counterspell:counter_spell,counter spell,counterspell,word,0.82,65,spells,Common ASR substitution.,[],[],,
asrpack:word:dispel_magic:dispel_magic,dispel magic,dispel magic,word,0.82,65,spells,Common ASR substitution.,[],[],,
asrpack:word:invisibility:invisible,invisible,invisibility,word,0.82,65,spells,Common ASR substitution.,[],[],,
asrpack:word:invisibility:invisibility,invisibility,invisibility,word,0.82,65,spells,Common ASR substitution.,[],[],,
asrpack:word:like:like,like,like,word,0.82,65,general,Common ASR substitution.,[],[],,
asrpack:word:like:life,life,like,word,0.82,65,general,Common ASR substitution.,[],[],,
asrpack:regex:tavern:cavern,cavern,tavern,regex,0.75,45,guarded,"If you sometimes explore literal caverns, only apply when tavern-context words appear nearby.","['inn', 'ale', 'bar', 'barmaid', 'barkeep', 'common room', 'booth', 'order', 'drink']","['stalactite', 'stalagmite', 'torch', 'underground', 'cave', 'tunnel', 'spelunk']",I walk into the cavern and order a nail,I walk into the tavern and order an ale
asrpack:regex:like:life,life,like,regex,0.7,40,guarded,Ambiguous correction. Use only with context cues (pronouns/modals or 'to'). Example: 'I life to' -> 'I like to'.,"['I _ to', 'we _ to', 'you _ to', ""I'd _ to"", 'I would _ to', 'I want _ to', 'can I _', 'could I _']",[],I life to talk to the barmaid,I like to talk to the barmaid
asrpack:word:tavern:taveln,taveln,tavern,word,0.55,15,auto_variant,Auto-generated low-confidence ASR variant. Recommend applying only if confidence/ASR score is low OR fantasy-domain mode is enabled.,[],[],,
asrpack:word:tavern:taverm,taverm,tavern,word,0.55,15,auto_variant,Auto-generated low-confidence ASR variant. Recommend applying only if confidence/ASR score is low OR fantasy-domain mode is enabled.,[],[],,
asrpack:word:tavern:tabern,tabern,tavern,word,0.55,15,auto_variant,Auto-generated low-confidence ASR variant. Recommend applying only if confidence/ASR score is low OR fantasy-domain mode is enabled.,[],[],,
asrpack:word:tavern:davern,davern,tavern,word,0.55,15,auto_variant,Auto-generated low-confidence ASR variant. Recommend applying only if confidence/ASR score is low OR fantasy-domain mode is enabled.,[],[],,
asrpack:word:barmaid:varmaid,varmaid,barmaid,word,0.55,15,auto_variant,Auto-generated low-confidence ASR variant. Recommend applying only if confidence/ASR score is low OR fantasy-domain mode is enabled.,[],[],,
asrpack:word:barmaid:barnaid,barnaid,barmaid,word,0.55,15,auto_variant,Auto-generated low-confidence ASR variant. Recommend applying only if confidence/ASR score is low OR fantasy-domain mode is enabled.,[],[],,
asrpack:word:barmaid:parmaid,parmaid,barmaid,word,0.55,15,auto_variant,Auto-generated low-confidence ASR variant. Recommend applying only if confidence/ASR score is low OR fantasy-domain mode is enabled.,[],[],,
asrpack:word:barmaid:barmait,barmait,barmaid,word,0.55,15,auto_variant,Auto-generated low-confidence ASR variant. Recommend applying only if confidence/ASR score is low OR fantasy-domain mode is enabled.,[],[],,
asrpack:word:barmaid:bar_mate,bar mate,barmaid,word,0.55,15,auto_variant,Auto-generated low-confidence ASR variant. Recommend applying only if confidence/ASR score is low OR fantasy-domain mode is enabled.,[],[],,
asrpack:word:barmaid:balmaid,balmaid,barmaid,word,0.55,15,auto_variant,Auto-generated low-confidence ASR variant. Recommend applying only if confidence/ASR score is low OR fantasy-domain mode is enabled.,[],[],,
asrpack:word:barkeep:barkeeb,barkeeb,barkeep,word,0.55,15,auto_variant,Auto-generated low-confidence ASR variant. Recommend applying only if confidence/ASR score is low OR fantasy-domain mode is enabled.,[],[],,
asrpack:word:barkeep:bar_key,bar key,barkeep,word,0.55,15,auto_variant,Auto-generated low-confidence ASR variant. Recommend applying only if confidence/ASR score is low OR fantasy-domain mode is enabled.,[],[],,
asrpack:word:barkeep:bargeep,bargeep,barkeep,word,0.55,15,auto_variant,Auto-generated low-confidence ASR variant. Recommend applying only if confidence/ASR score is low OR fantasy-domain mode is enabled.,[],[],,
asrpack:word:barkeep:bar_cape,bar cape,barkeep,word,0.55,15,auto_variant,Auto-generated low-confidence ASR variant. Recommend applying only if confidence/ASR score is low OR fantasy-domain mode is enabled.,[],[],,
asrpack:word:barkeep:varkeep,varkeep,barkeep,word,0.55,15,auto_variant,Auto-generated low-confidence ASR variant. Recommend applying only if confidence/ASR score is low OR fantasy-domain mode is enabled.,[],[],,
asrpack:word:barkeep:parkeep,parkeep,barkeep,word,0.55,15,auto_variant,Auto-generated low-confidence ASR variant. Recommend applying only if confidence/ASR score is low OR fantasy-domain mode is enabled.,[],[],,
asrpack:word:barkeep:bar_keep,bar keep,barkeep,word,0.55,15,auto_variant,Auto-generated low-confidence ASR variant. Recommend applying only if confidence/ASR score is low OR fantasy-domain mode is enabled.,[],[],,
asrpack:word:barkeep:balkeep,balkeep,barkeep,word,0.55,15,auto_variant,Auto-generated low-confidence ASR variant. Recommend applying only if confidence/ASR score is low OR fantasy-domain mode is enabled.,[],[],,
asrpack:word:initiative:inidiative,inidiative,initiative,word,0.55,15,auto_variant,Auto-generated low-confidence ASR variant. Recommend applying only if confidence/ASR score is low OR fantasy-domain mode is enabled.,[],[],,
asrpack:word:initiative:imitiative,imitiative,initiative,word,0.55,15,auto_variant,Auto-generated low-confidence ASR variant. Recommend applying only if confidence/ASR score is low OR fantasy-domain mode is enabled.,[],[],,
asrpack:word:initiative:initiatibe,initiatibe,initiative,word,0.55,15,auto_variant,Auto-generated low-confidence ASR variant. Recommend applying only if confidence/ASR score is low OR fantasy-domain mode is enabled.,[],[],,
asrpack:word:initiative:in_issue_native,in issue native,initiative,word,0.55,15,auto_variant,Auto-generated low-confidence ASR variant. Recommend applying only if confidence/ASR score is low OR fantasy-domain mode is enabled.,[],[],,
asrpack:word:initiative:iniciative,iniciative,initiative,word,0.55,15,auto_variant,Auto-generated low-confidence ASR variant. Recommend applying only if confidence/ASR score is low OR fantasy-domain mode is enabled.,[],[],,
asrpack:word:initiative:initiadive,initiadive,initiative,word,0.55,15,auto_variant,Auto-generated low-confidence ASR variant. Recommend applying only if confidence/ASR score is low OR fantasy-domain mode is enabled.,[],[],,
asrpack:word:initiative:initiacive,initiacive,initiative,word,0.55,15,auto_variant,Auto-generated low-confidence ASR variant. Recommend applying only if confidence/ASR score is low OR fantasy-domain mode is enabled.,[],[],,
asrpack:word:perception:berception,berception,perception,word,0.55,15,auto_variant,Auto-generated low-confidence ASR variant. Recommend applying only if confidence/ASR score is low OR fantasy-domain mode is enabled.,[],[],,
asrpack:word:perception:percebtion,percebtion,perception,word,0.55,15,auto_variant,Auto-generated low-confidence ASR variant. Recommend applying only if confidence/ASR score is low OR fantasy-domain mode is enabled.,[],[],,
asrpack:word:perception:percepcion,percepcion,perception,word,0.55,15,auto_variant,Auto-generated low-confidence ASR variant. Recommend applying only if confidence/ASR score is low OR fantasy-domain mode is enabled.,[],[],,
asrpack:word:perception:perceptiom,perceptiom,perception,word,0.55,15,auto_variant,Auto-generated low-confidence ASR variant. Recommend applying only if confidence/ASR score is low OR fantasy-domain mode is enabled.,[],[],,
asrpack:word:perception:percepdion,percepdion,perception,word,0.55,15,auto_variant,Auto-generated low-confidence ASR variant. Recommend applying only if confidence/ASR score is low OR fantasy-domain mode is enabled.,[],[],,
asrpack:word:perception:pelception,pelception,perception,word,0.55,15,auto_variant,Auto-generated low-confidence ASR variant. Recommend applying only if confidence/ASR score is low OR fantasy-domain mode is enabled.,[],[],,
asrpack:word:perception:perteption,perteption,perception,word,0.55,15,auto_variant,Auto-generated low-confidence ASR variant. Recommend applying only if confidence/ASR score is low OR fantasy-domain mode is enabled.,[],[],,
asrpack:word:investigation:inbestigation,inbestigation,investigation,word,0.55,15,auto_variant,Auto-generated low-confidence ASR variant. Recommend applying only if confidence/ASR score is low OR fantasy-domain mode is enabled.,[],[],,
asrpack:word:investigation:investigadion,investigadion,investigation,word,0.55,15,auto_variant,Auto-generated low-confidence ASR variant. Recommend applying only if confidence/ASR score is low OR fantasy-domain mode is enabled.,[],[],,
asrpack:word:investigation:investigatiom,investigatiom,investigation,word,0.55,15,auto_variant,Auto-generated low-confidence ASR variant. Recommend applying only if confidence/ASR score is low OR fantasy-domain mode is enabled.,[],[],,
asrpack:word:investigation:invesdigation,invesdigation,investigation,word,0.55,15,auto_variant,Auto-generated low-confidence ASR variant. Recommend applying only if confidence/ASR score is low OR fantasy-domain mode is enabled.,[],[],,
asrpack:word:investigation:imvestigation,imvestigation,investigation,word,0.55,15,auto_variant,Auto-generated low-confidence ASR variant. Recommend applying only if confidence/ASR score is low OR fantasy-domain mode is enabled.,[],[],,
asrpack:word:investigation:invescigation,invescigation,investigation,word,0.55,15,auto_variant,Auto-generated low-confidence ASR variant. Recommend applying only if confidence/ASR score is low OR fantasy-domain mode is enabled.,[],[],,
asrpack:word:investigation:investikation,investikation,investigation,word,0.55,15,auto_variant,Auto-generated low-confidence ASR variant. Recommend applying only if confidence/ASR score is low OR fantasy-domain mode is enabled.,[],[],,
asrpack:word:investigation:investigacion,investigacion,investigation,word,0.55,15,auto_variant,Auto-generated low-confidence ASR variant. Recommend applying only if confidence/ASR score is low OR fantasy-domain mode is enabled.,[],[],,
asrpack:word:cleric:clelic,clelic,cleric,word,0.55,15,auto_variant,Auto-generated low-confidence ASR variant. Recommend applying only if confidence/ASR score is low OR fantasy-domain mode is enabled.,[],[],,
asrpack:word:cleric:creric,creric,cleric,word,0.55,15,auto_variant,Auto-generated low-confidence ASR variant. Recommend applying only if confidence/ASR score is low OR fantasy-domain mode is enabled.,[],[],,
asrpack:word:cleric:clerit,clerit,cleric,word,0.55,15,auto_variant,Auto-generated low-confidence ASR variant. Recommend applying only if confidence/ASR score is low OR fantasy-domain mode is enabled.,[],[],,
asrpack:word:cleric:tleric,tleric,cleric,word,0.55,15,auto_variant,Auto-generated low-confidence ASR variant. Recommend applying only if confidence/ASR score is low OR fantasy-domain mode is enabled.,[],[],,
asrpack:word:paladin:paladim,paladim,paladin,word,0.55,15,auto_variant,Auto-generated low-confidence ASR variant. Recommend applying only if confidence/ASR score is low OR fantasy-domain mode is enabled.,[],[],,
asrpack:word:paladin:paradin,paradin,paladin,word,0.55,15,auto_variant,Auto-generated low-confidence ASR variant. Recommend applying only if confidence/ASR score is low OR fantasy-domain mode is enabled.,[],[],,
asrpack:word:paladin:palatin,palatin,paladin,word,0.55,15,auto_variant,Auto-generated low-confidence ASR variant. Recommend applying only if confidence/ASR score is low OR fantasy-domain mode is enabled.,[],[],,
asrpack:word:paladin:baladin,baladin,paladin,word,0.55,15,auto_variant,Auto-generated low-confidence ASR variant. Recommend applying only if confidence/ASR score is low OR fantasy-domain mode is enabled.,[],[],,
asrpack:word:warlock:warlotk,warlotk,warlock,word,0.55,15,auto_variant,Auto-generated low-confidence ASR variant. Recommend applying only if confidence/ASR score is low OR fantasy-domain mode is enabled.,[],[],,
asrpack:word:warlock:wallock,wallock,warlock,word,0.55,15,auto_variant,Auto-generated low-confidence ASR variant. Recommend applying only if confidence/ASR score is low OR fantasy-domain mode is enabled.,[],[],,
asrpack:word:warlock:warrock,warrock,warlock,word,0.55,15,auto_variant,Auto-generated low-confidence ASR variant. Recommend applying only if confidence/ASR score is low OR fantasy-domain mode is enabled.,[],[],,
asrpack:word:warlock:warlocg,warlocg,warlock,word,0.55,15,auto_variant,Auto-generated low-confidence ASR variant. Recommend applying only if confidence/ASR score is low OR fantasy-domain mode is enabled.,[],[],,
asrpack:word:wizard:wizald,wizald,wizard,word,0.55,15,auto_variant,Auto-generated low-confidence ASR variant. Recommend applying only if confidence/ASR score is low OR fantasy-domain mode is enabled.,[],[],,
asrpack:word:wizard:wizart,wizart,wizard,word,0.55,15,auto_variant,Auto-generated low-confidence ASR variant. Recommend applying only if confidence/ASR score is low OR fantasy-domain mode is enabled.,[],[],,
asrpack:word:sorcerer:sorcerel,sorcerel,sorcerer,word,0.55,15,auto_variant,Auto-generated low-confidence ASR variant. Recommend applying only if confidence/ASR score is low OR fantasy-domain mode is enabled.,[],[],,
asrpack:word:sorcerer:sorterer,sorterer,sorcerer,word,0.55,15,auto_variant,Auto-generated low-confidence ASR variant. Recommend applying only if confidence/ASR score is low OR fantasy-domain mode is enabled.,[],[],,
asrpack:word:sorcerer:solcerer,solcerer,sorcerer,word,0.55,15,auto_variant,Auto-generated low-confidence ASR variant. Recommend applying only if confidence/ASR score is low OR fantasy-domain mode is enabled.,[],[],,
asrpack:word:sorcerer:sorceler,sorceler,sorcerer,word,0.55,15,auto_variant,Auto-generated low-confidence ASR variant. Recommend applying only if confidence/ASR score is low OR fantasy-domain mode is enabled.,[],[],,
asrpack:word:dungeon:dungeom,dungeom,dungeon,word,0.55,15,auto_variant,Auto-generated low-confidence ASR variant. Recommend applying only if confidence/ASR score is low OR fantasy-domain mode is enabled.,[],[],,
asrpack:word:dungeon:dunkeon,dunkeon,dungeon,word,0.55,15,auto_variant,Auto-generated low-confidence ASR variant. Recommend applying only if confidence/ASR score is low OR fantasy-domain mode is enabled.,[],[],,
asrpack:word:dungeon:dumgeon,dumgeon,dungeon,word,0.55,15,auto_variant,Auto-generated low-confidence ASR variant. Recommend applying only if confidence/ASR score is low OR fantasy-domain mode is enabled.,[],[],,
asrpack:word:dungeon:tungeon,tungeon,dungeon,word,0.55,15,auto_variant,Auto-generated low-confidence ASR variant. Recommend applying only if confidence/ASR score is low OR fantasy-domain mode is enabled.,[],[],,
asrpack:word:dragon:dragom,dragom,dragon,word,0.55,15,auto_variant,Auto-generated low-confidence ASR variant. Recommend applying only if confidence/ASR score is low OR fantasy-domain mode is enabled.,[],[],,
asrpack:word:dragon:tragon,tragon,dragon,word,0.55,15,auto_variant,Auto-generated low-confidence ASR variant. Recommend applying only if confidence/ASR score is low OR fantasy-domain mode is enabled.,[],[],,
asrpack:word:dragon:drakon,drakon,dragon,word,0.55,15,auto_variant,Auto-generated low-confidence ASR variant. Recommend applying only if confidence/ASR score is low OR fantasy-domain mode is enabled.,[],[],,
asrpack:word:dragon:dlagon,dlagon,dragon,word,0.55,15,auto_variant,Auto-generated low-confidence ASR variant. Recommend applying only if confidence/ASR score is low OR fantasy-domain mode is enabled.,[],[],,
asrpack:word:goblin:goblim,goblim,goblin,word,0.55,15,auto_variant,Auto-generated low-confidence ASR variant. Recommend applying only if confidence/ASR score is low OR fantasy-domain mode is enabled.,[],[],,
asrpack:word:goblin:goplin,goplin,goblin,word,0.55,15,auto_variant,Auto-generated low-confidence ASR variant. Recommend applying only if confidence/ASR score is low OR fantasy-domain mode is enabled.,[],[],,
asrpack:word:goblin:gobrin,gobrin,goblin,word,0.55,15,auto_variant,Auto-generated low-confidence ASR variant. Recommend applying only if confidence/ASR score is low OR fantasy-domain mode is enabled.,[],[],,
asrpack:word:goblin:koblin,koblin,goblin,word,0.55,15,auto_variant,Auto-generated low-confidence ASR variant. Recommend applying only if confidence/ASR score is low OR fantasy-domain mode is enabled.,[],[],,
asrpack:word:goblin:govlin,govlin,goblin,word,0.55,15,auto_variant,Auto-generated low-confidence ASR variant. Recommend applying only if confidence/ASR score is low OR fantasy-domain mode is enabled.,[],[],,
asrpack:word:kobold:kovold,kovold,kobold,word,0.55,15,auto_variant,Auto-generated low-confidence ASR variant. Recommend applying only if confidence/ASR score is low OR fantasy-domain mode is enabled.,[],[],,
asrpack:word:kobold:kobord,kobord,kobold,word,0.55,15,auto_variant,Auto-generated low-confidence ASR variant. Recommend applying only if confidence/ASR score is low OR fantasy-domain mode is enabled.,[],[],,
asrpack:word:kobold:gobold,gobold,kobold,word,0.55,15,auto_variant,Auto-generated low-confidence ASR variant. Recommend applying only if confidence/ASR score is low OR fantasy-domain mode is enabled.,[],[],,
asrpack:word:kobold:kobolt,kobolt,kobold,word,0.55,15,auto_variant,Auto-generated low-confidence ASR variant. Recommend applying only if confidence/ASR score is low OR fantasy-domain mode is enabled.,[],[],,
asrpack:word:kobold:kopold,kopold,kobold,word,0.55,15,auto_variant,Auto-generated low-confidence ASR variant. Recommend applying only if confidence/ASR score is low OR fantasy-domain mode is enabled.,[],[],,
asrpack:word:undead:untead,untead,undead,word,0.55,15,auto_variant,Auto-generated low-confidence ASR variant. Recommend applying only if confidence/ASR score is low OR fantasy-domain mode is enabled.,[],[],,
asrpack:word:undead:umdead,umdead,undead,word,0.55,15,auto_variant,Auto-generated low-confidence ASR variant. Recommend applying only if confidence/ASR score is low OR fantasy-domain mode is enabled.,[],[],,
asrpack:word:undead:undeat,undeat,undead,word,0.55,15,auto_variant,Auto-generated low-confidence ASR variant. Recommend applying only if confidence/ASR score is low OR fantasy-domain mode is enabled.,[],[],,
asrpack:word:fireball:firebarl,firebarl,fireball,word,0.55,15,auto_variant,Auto-generated low-confidence ASR variant. Recommend applying only if confidence/ASR score is low OR fantasy-domain mode is enabled.,[],[],,
asrpack:word:fireball:firevall,firevall,fireball,word,0.55,15,auto_variant,Auto-generated low-confidence ASR variant. Recommend applying only if confidence/ASR score is low OR fantasy-domain mode is enabled.,[],[],,
asrpack:word:fireball:fileball,fileball,fireball,word,0.55,15,auto_variant,Auto-generated low-confidence ASR variant. Recommend applying only if confidence/ASR score is low OR fantasy-domain mode is enabled.,[],[],,
asrpack:word:fireball:firebalr,firebalr,fireball,word,0.55,15,auto_variant,Auto-generated low-confidence ASR variant. Recommend applying only if confidence/ASR score is low OR fantasy-domain mode is enabled.,[],[],,
asrpack:word:fireball:firepall,firepall,fireball,word,0.55,15,auto_variant,Auto-generated low-confidence ASR variant. Recommend applying only if confidence/ASR score is low OR fantasy-domain mode is enabled.,[],[],,
asrpack:word:counterspell:councerspell,councerspell,counterspell,word,0.55,15,auto_variant,Auto-generated low-confidence ASR variant. Recommend applying only if confidence/ASR score is low OR fantasy-domain mode is enabled.,[],[],,
asrpack:word:counterspell:count_her_spell,count her spell,counterspell,word,0.55,15,auto_variant,Auto-generated low-confidence ASR variant. Recommend applying only if confidence/ASR score is low OR fantasy-domain mode is enabled.,[],[],,
asrpack:word:counterspell:countersbell,countersbell,counterspell,word,0.55,15,auto_variant,Auto-generated low-confidence ASR variant. Recommend applying only if confidence/ASR score is low OR fantasy-domain mode is enabled.,[],[],,
asrpack:word:counterspell:countelspell,countelspell,counterspell,word,0.55,15,auto_variant,Auto-generated low-confidence ASR variant. Recommend applying only if confidence/ASR score is low OR fantasy-domain mode is enabled.,[],[],,
asrpack:word:counterspell:tounterspell,tounterspell,counterspell,word,0.55,15,auto_variant,Auto-generated low-confidence ASR variant. Recommend applying only if confidence/ASR score is low OR fantasy-domain mode is enabled.,[],[],,
asrpack:word:counterspell:countersperl,countersperl,counterspell,word,0.55,15,auto_variant,Auto-generated low-confidence ASR variant. Recommend applying only if confidence/ASR score is low OR fantasy-domain mode is enabled.,[],[],,
asrpack:word:counterspell:counterspelr,counterspelr,counterspell,word,0.55,15,auto_variant,Auto-generated low-confidence ASR variant. Recommend applying only if confidence/ASR score is low OR fantasy-domain mode is enabled.,[],[],,
asrpack:word:counterspell:counderspell,counderspell,counterspell,word,0.55,15,auto_variant,Auto-generated low-confidence ASR variant. Recommend applying only if confidence/ASR score is low OR fantasy-domain mode is enabled.,[],[],,
asrpack:word:counterspell:coumterspell,coumterspell,counterspell,word,0.55,15,auto_variant,Auto-generated low-confidence ASR variant. Recommend applying only if confidence/ASR score is low OR fantasy-domain mode is enabled.,[],[],,
asrpack:word:invisibility:invisipility,invisipility,invisibility,word,0.55,15,auto_variant,Auto-generated low-confidence ASR variant. Recommend applying only if confidence/ASR score is low OR fantasy-domain mode is enabled.,[],[],,
asrpack:word:invisibility:in_visible_itty,in visible itty,invisibility,word,0.55,15,auto_variant,Auto-generated low-confidence ASR variant. Recommend applying only if confidence/ASR score is low OR fantasy-domain mode is enabled.,[],[],,
asrpack:word:invisibility:invisibilicy,invisibilicy,invisibility,word,0.55,15,auto_variant,Auto-generated low-confidence ASR variant. Recommend applying only if confidence/ASR score is low OR fantasy-domain mode is enabled.,[],[],,
asrpack:word:invisibility:invisible_itty,invisible itty,invisibility,word,0.55,15,auto_variant,Auto-generated low-confidence ASR variant. Recommend applying only if confidence/ASR score is low OR fantasy-domain mode is enabled.,[],[],,
asrpack:word:invisibility:invisibirity,invisibirity,invisibility,word,0.55,15,auto_variant,Auto-generated low-confidence ASR variant. Recommend applying only if confidence/ASR score is low OR fantasy-domain mode is enabled.,[],[],,
asrpack:word:invisibility:imvisibility,imvisibility,invisibility,word,0.55,15,auto_variant,Auto-generated low-confidence ASR variant. Recommend applying only if confidence/ASR score is low OR fantasy-domain mode is enabled.,[],[],,
asrpack:word:invisibility:inbisibility,inbisibility,invisibility,word,0.55,15,auto_variant,Auto-generated low-confidence ASR variant. Recommend applying only if confidence/ASR score is low OR fantasy-domain mode is enabled.,[],[],,
asrpack:word:invisibility:in_visible,in visible,invisibility,word,0.55,15,auto_variant,Auto-generated low-confidence ASR variant. Recommend applying only if confidence/ASR score is low OR fantasy-domain mode is enabled.,[],[],,
asrpack:word:invisibility:invisivility,invisivility,invisibility,word,0.55,15,auto_variant,Auto-generated low-confidence ASR variant. Recommend applying only if confidence/ASR score is low OR fantasy-domain mode is enabled.,[],[],,
asrpack:word:invisibility:invisibilidy,invisibilidy,invisibility,word,0.55,15,auto_variant,Auto-generated low-confidence ASR variant. Recommend applying only if confidence/ASR score is low OR fantasy-domain mode is enabled.,[],[],,
asrpack:word:cure:cule,cule,cure,word,0.55,15,auto_variant,Auto-generated low-confidence ASR variant. Recommend applying only if confidence/ASR score is low OR fantasy-domain mode is enabled.,[],[],,
asrpack:word:cure:ture,ture,cure,word,0.55,15,auto_variant,Auto-generated low-confidence ASR variant. Recommend applying only if confidence/ASR score is low OR fantasy-domain mode is enabled.,[],[],,
asrpack:word:wounds:wounts,wounts,wounds,word,0.55,15,auto_variant,Auto-generated low-confidence ASR variant. Recommend applying only if confidence/ASR score is low OR fantasy-domain mode is enabled.,[],[],,
asrpack:word:wounds:woumds,woumds,wounds,word,0.55,15,auto_variant,Auto-generated low-confidence ASR variant. Recommend applying only if confidence/ASR score is low OR fantasy-domain mode is enabled.,[],[],,
