id,term,aliases,category,subcategory,edition,definition,usage_notes,examples,related_terms,tags,source
dndvocab:abbreviation:combat:ac,AC,['Armor Class'],abbreviation,combat,5e-generic,Armor Class. A defensive number; an attack roll must equal or exceed AC to hit a target.,,[],[],"['combat', 'rules']",
dndvocab:abbreviation:combat:hp,HP,"['Hit Points', 'hit points']",abbreviation,combat,5e-generic,"Hit Points. A measure of durability; damage reduces HP, healing restores it.",,[],[],"['combat', 'rules']",
dndvocab:abbreviation:combat:temp_hp,Temp HP,"['THP', 'temporary hit points']",abbreviation,combat,5e-generic,Temporary hit points. A buffer that absorbs damage and is lost before regular HP; usually does not stack.,,[],[],"['combat', 'rules']",
dndvocab:abbreviation:rules:dc,DC,['Difficulty Class'],abbreviation,rules,5e-generic,Difficulty Class. Target number for saving throws or ability checks to succeed.,,[],[],['rules'],
dndvocab:abbreviation:monsters:cr,CR,['Challenge Rating'],abbreviation,monsters,5e-generic,Challenge Rating. A rough measure of a monster’s overall threat compared to a party of four adventurers.,,[],[],"['encounter', 'balancing']",
dndvocab:abbreviation:spells:aoe,AoE,['area-of-effect'],abbreviation,spells,5e-generic,Area of Effect. A spell or feature that affects an area rather than a single target.,,[],[],['spells'],
dndvocab:abbreviation:combat:aoo,AoO,"['opportunity attack', 'OA']",abbreviation,combat,5e-generic,Attack of Opportunity. Common shorthand for an opportunity attack triggered by movement or similar triggers.,,[],[],['combat'],
dndvocab:abbreviation:meta:raw,RAW,[],abbreviation,meta,5e-generic,Rules As Written. Interpreting rules strictly by the printed text.,,[],[],"['table-talk', 'rules']",
dndvocab:abbreviation:meta:rai,RAI,[],abbreviation,meta,5e-generic,"Rules As Intended. Interpreting rules by designer intent, even if text is ambiguous.",,[],[],"['table-talk', 'rules']",
dndvocab:abbreviation:meta:roc,ROC,[],abbreviation,meta,5e-generic,"Rule of Cool. A table philosophy favoring dramatic, fun outcomes over strict rules.",,[],[],['table-talk'],
dndvocab:abbreviation:roles:dm,DM,"['GM', 'Game Master']",abbreviation,roles,5e-generic,Dungeon Master (or Game Master). The referee and narrator who runs the world and adjudicates rules.,,[],[],['table'],
dndvocab:abbreviation:roles:pc,PC,['player character'],abbreviation,roles,5e-generic,Player Character. A character controlled by a player.,,[],[],['table'],
dndvocab:abbreviation:roles:npc,NPC,['nonplayer character'],abbreviation,roles,5e-generic,Non‑Player Character. A character controlled by the DM.,,[],[],['table'],
dndvocab:abbreviation:story:bbeg,BBEG,[],abbreviation,story,5e-generic,Big Bad Evil Guy. The main villain or primary antagonist of a campaign arc.,,[],[],['plot'],
dndvocab:abbreviation:story:tpk,TPK,[],abbreviation,story,5e-generic,"Total Party Kill. The whole party is defeated (often meaning death, capture, or forced retreat).",,[],[],"['combat', 'table-talk']",
dndvocab:meta:table:session_zero,Session Zero,['Session 0'],meta,table,5e-generic,"A pre-campaign meeting to align expectations: tone, boundaries, characters, house rules, scheduling, and safety tools.",,[],[],"['planning', 'safety']",
dndvocab:meta:rules:house_rule,House Rule,[],meta,rules,5e-generic,A table-specific rule change or addition that overrides or extends the published rules.,,[],[],['table-talk'],
dndvocab:meta:content:homebrew,Homebrew,[],meta,content,5e-generic,"Custom content created outside official sources: races/species, classes, items, worlds, monsters, rules, etc.",,[],[],['creative'],
dndvocab:meta:adventure:one_shot,One-shot,[],meta,adventure,5e-generic,A self-contained adventure designed to be completed in one session (or a very short run).,,[],[],['campaign'],
dndvocab:meta:adventure:campaign,Campaign,[],meta,adventure,5e-generic,A series of connected adventures forming an ongoing story with recurring characters.,,[],[],['story'],
dndvocab:story:structure:adventure_hook,Adventure Hook,[],story,structure,5e-generic,"A prompt or situation that invites PCs to act: a rumor, job, threat, mystery, or personal tie.",,[],[],['plot'],
dndvocab:worldbuilding:locations:quest_board,Quest Board,"['job board', 'bounty board']",worldbuilding,locations,5e-generic,"An in-world notice board where jobs, bounties, deliveries, and requests are posted.",,"[""You scan the quest board: a parchment reads, 'Wanted: rat-catchers. Pay: 5 sp per tail.'""]",[],"['town', 'questing']",
dndvocab:rules:time:downtime,Downtime,[],rules,time,5e-generic,"Time between adventures used for crafting, training, research, business, carousing, or personal goals.",,[],[],['campaign'],
dndvocab:rules:rest:long_rest,Long Rest,[],rules,rest,5e,An extended period of rest that restores many resources; typically 8 hours in 5e.,,[],[],['recovery'],
dndvocab:rules:rest:short_rest,Short Rest,[],rules,rest,5e,A brief rest period to recover limited resources; typically 1 hour in 5e.,,[],[],['recovery'],
dndvocab:combat:structure:initiative,Initiative,[],combat,structure,5e-generic,A turn order system that determines who acts when in combat or other structured encounters.,,[],[],['combat'],
dndvocab:combat:structure:round,Round,[],combat,structure,5e,"A full cycle of turns in combat, typically representing about 6 seconds in 5e.",,[],[],['combat'],
dndvocab:combat:structure:turn,Turn,[],combat,structure,5e-generic,"A participant’s moment to act within a round: movement, action, and possible bonus action/reaction.",,[],[],['combat'],
dndvocab:combat:actions:action,Action,[],combat,actions,5e-generic,"The primary thing you do on your turn: attack, cast a spell, dash, disengage, dodge, help, hide, ready, search, use an object, etc.",,[],[],['combat'],
dndvocab:combat:actions:bonus_action,Bonus Action,[],combat,actions,5e-generic,"A limited extra action granted by specific features, spells, or abilities.",,[],[],['combat'],
dndvocab:combat:actions:reaction,Reaction,[],combat,actions,5e-generic,"A triggered response you can take outside your turn, such as an opportunity attack or certain spells.",,[],[],['combat'],
dndvocab:combat:actions:movement,Movement,[],combat,actions,5e-generic,"How far you can travel on your turn, measured in feet; can be split around other actions.",,[],[],['combat'],
dndvocab:combat:actions:opportunity_attack,Opportunity Attack,"['AoO', 'OA']",combat,actions,5e-generic,A reaction attack commonly triggered when a foe leaves your reach without disengaging.,,[],[],['combat'],
dndvocab:rules:dice:advantage,Advantage,[],rules,dice,5e,Roll two d20s and use the higher result; often granted by favorable conditions.,,[],[],['rules'],
dndvocab:rules:dice:disadvantage,Disadvantage,[],rules,dice,5e,Roll two d20s and use the lower result; often imposed by hindering conditions.,,[],[],['rules'],
dndvocab:rules:character:proficiency_bonus,Proficiency Bonus,[],rules,character,5e,"A scaling bonus added to trained skills, saving throws, attacks, and tools.",,[],[],['character'],
dndvocab:rules:dice:saving_throw,Saving Throw,[],rules,dice,5e-generic,"A defensive roll against effects like poison, spells, traps, or hazards. Usually d20 + modifier.",,[],[],['rules'],
dndvocab:rules:dice:ability_check,Ability Check,[],rules,dice,5e-generic,A d20 roll using an ability modifier (and sometimes proficiency) to overcome a challenge.,,[],[],['rules'],
dndvocab:rules:dice:skill_check,Skill Check,['skill roll'],rules,dice,5e-generic,"Common shorthand for an ability check using a skill proficiency (e.g., Stealth, Perception).",,[],[],['rules'],
dndvocab:rules:dice:contested_check,Contested Check,[],rules,dice,5e-generic,Two creatures roll opposing checks; higher result wins.,,[],[],['rules'],
dndvocab:rules:senses:passive_perception,Passive Perception,[],rules,senses,5e,A static Perception score used when the DM doesn’t want a roll or to represent constant awareness.,,[],[],['exploration'],
dndvocab:spells:casting:concentration,Concentration,[],spells,casting,5e,"A spellcasting limitation: many spells require maintaining focus, typically lost if you fail a CON save after taking damage.",,[],[],['spells'],
dndvocab:spells:casting:spell_slot,Spell Slot,[],spells,casting,5e,A resource used to cast many spells; expended when casting at a given level.,,[],[],['spells'],
dndvocab:spells:casting:cantrip,Cantrip,[],spells,casting,5e,A spell that can be cast without expending spell slots; usually minor but reliable.,,[],[],['spells'],
dndvocab:spells:casting:ritual,Ritual,[],spells,casting,5e,A spell that can be cast with extra time without using a slot if you have the ritual capability.,,[],[],['spells'],
dndvocab:spells:components:somatic_component,Somatic Component,['S component'],spells,components,5e,Spellcasting gestures performed with a free hand (or according to rules of focus).,,[],[],['spells'],
dndvocab:spells:components:verbal_component,Verbal Component,['V component'],spells,components,5e,Spellcasting words and incantations spoken aloud.,,[],[],['spells'],
dndvocab:spells:components:material_component,Material Component,['M component'],spells,components,5e,Spellcasting ingredients or focus items required by some spells.,,[],[],['spells'],
dndvocab:spells:components:focus,Focus,[],spells,components,5e,"An item used to satisfy some material components, such as an arcane focus, holy symbol, or druidic focus.",,[],[],['spells'],
dndvocab:spells:casting:spell_save_dc,Spell Save DC,[],spells,casting,5e,The DC a target must meet to resist a caster’s spell; typically 8 + proficiency + casting ability modifier.,,[],[],['spells'],
dndvocab:spells:casting:spell_attack_modifier,Spell Attack Modifier,[],spells,casting,5e,The bonus added to a spell attack roll; typically proficiency + casting ability modifier.,,[],[],['spells'],
dndvocab:rules:condition:blinded,Blinded,[],rules,condition,5e,"You can’t see; attacks against you have advantage, your attacks have disadvantage, and you fail checks requiring sight.",,[],"['Saving Throw', 'Advantage', 'Disadvantage']","['condition', 'status']",
dndvocab:rules:condition:charmed,Charmed,[],rules,condition,5e,You can’t attack the charmer; the charmer has advantage on social checks vs you.,,[],"['Saving Throw', 'Advantage', 'Disadvantage']","['condition', 'status']",
dndvocab:rules:condition:deafened,Deafened,[],rules,condition,5e,You can’t hear and automatically fail checks requiring hearing.,,[],"['Saving Throw', 'Advantage', 'Disadvantage']","['condition', 'status']",
dndvocab:rules:condition:frightened,Frightened,[],rules,condition,5e,You have disadvantage on ability checks and attacks while the source is in line of sight; you can’t willingly move closer.,,[],"['Saving Throw', 'Advantage', 'Disadvantage']","['condition', 'status']",
dndvocab:rules:condition:grappled,Grappled,[],rules,condition,5e,Your speed becomes 0; ends if grappler is incapacitated or you’re moved out of reach.,,[],"['Saving Throw', 'Advantage', 'Disadvantage']","['condition', 'status']",
dndvocab:rules:condition:incapacitated,Incapacitated,[],rules,condition,5e,You can’t take actions or reactions.,,[],"['Saving Throw', 'Advantage', 'Disadvantage']","['condition', 'status']",
dndvocab:rules:condition:invisible,Invisible,[],rules,condition,5e,"You can’t be seen; attacks against you have disadvantage, your attacks have advantage; you can still be detected by other means.",,[],"['Saving Throw', 'Advantage', 'Disadvantage']","['condition', 'status']",
dndvocab:rules:condition:paralyzed,Paralyzed,[],rules,condition,5e,"You’re incapacitated, can’t move/speak; attacks against you have advantage and are critical if within 5 feet (5e).",,[],"['Saving Throw', 'Advantage', 'Disadvantage']","['condition', 'status']",
dndvocab:rules:condition:petrified,Petrified,[],rules,condition,5e,You’re transformed into stone and incapacitated; weight increases; many effects apply (5e).,,[],"['Saving Throw', 'Advantage', 'Disadvantage']","['condition', 'status']",
dndvocab:rules:condition:poisoned,Poisoned,[],rules,condition,5e,You have disadvantage on attack rolls and ability checks.,,[],"['Saving Throw', 'Advantage', 'Disadvantage']","['condition', 'status']",
dndvocab:rules:condition:prone,Prone,[],rules,condition,5e,Movement costs extra to stand; attacks against you have advantage within 5 feet and disadvantage from farther away (5e).,,[],"['Saving Throw', 'Advantage', 'Disadvantage']","['condition', 'status']",
dndvocab:rules:condition:restrained,Restrained,[],rules,condition,5e,"Speed 0; attacks against you have advantage, your attacks have disadvantage; disadvantage on Dexterity saves.",,[],"['Saving Throw', 'Advantage', 'Disadvantage']","['condition', 'status']",
dndvocab:rules:condition:stunned,Stunned,[],rules,condition,5e,"Incapacitated, can’t move; speaks falter; attacks against you have advantage; fails Strength/Dex saves (5e).",,[],"['Saving Throw', 'Advantage', 'Disadvantage']","['condition', 'status']",
dndvocab:rules:condition:unconscious,Unconscious,[],rules,condition,5e,"Incapacitated, prone; drop held items; attacks against you have advantage and are critical within 5 feet (5e).",,[],"['Saving Throw', 'Advantage', 'Disadvantage']","['condition', 'status']",
dndvocab:rules:condition:exhaustion,Exhaustion,[],rules,condition,5e,A level-based condition representing fatigue; higher levels impose severe penalties (5e).,,[],"['Saving Throw', 'Advantage', 'Disadvantage']","['condition', 'status']",
dndvocab:rules:damage:acid_damage,Acid Damage,['acid'],rules,damage,5e-generic,"A damage type used by attacks, spells, or hazards. Resistances, immunities, and vulnerabilities may interact with it.",,[],"['Resistance', 'Immunity', 'Vulnerability']",['damage'],
dndvocab:rules:damage:bludgeoning_damage,Bludgeoning Damage,['bludgeoning'],rules,damage,5e-generic,"A damage type used by attacks, spells, or hazards. Resistances, immunities, and vulnerabilities may interact with it.",,[],"['Resistance', 'Immunity', 'Vulnerability']",['damage'],
dndvocab:rules:damage:cold_damage,Cold Damage,['cold'],rules,damage,5e-generic,"A damage type used by attacks, spells, or hazards. Resistances, immunities, and vulnerabilities may interact with it.",,[],"['Resistance', 'Immunity', 'Vulnerability']",['damage'],
dndvocab:rules:damage:fire_damage,Fire Damage,['fire'],rules,damage,5e-generic,"A damage type used by attacks, spells, or hazards. Resistances, immunities, and vulnerabilities may interact with it.",,[],"['Resistance', 'Immunity', 'Vulnerability']",['damage'],
dndvocab:rules:damage:force_damage,Force Damage,['force'],rules,damage,5e-generic,"A damage type used by attacks, spells, or hazards. Resistances, immunities, and vulnerabilities may interact with it.",,[],"['Resistance', 'Immunity', 'Vulnerability']",['damage'],
dndvocab:rules:damage:lightning_damage,Lightning Damage,['lightning'],rules,damage,5e-generic,"A damage type used by attacks, spells, or hazards. Resistances, immunities, and vulnerabilities may interact with it.",,[],"['Resistance', 'Immunity', 'Vulnerability']",['damage'],
dndvocab:rules:damage:necrotic_damage,Necrotic Damage,['necrotic'],rules,damage,5e-generic,"A damage type used by attacks, spells, or hazards. Resistances, immunities, and vulnerabilities may interact with it.",,[],"['Resistance', 'Immunity', 'Vulnerability']",['damage'],
dndvocab:rules:damage:piercing_damage,Piercing Damage,['piercing'],rules,damage,5e-generic,"A damage type used by attacks, spells, or hazards. Resistances, immunities, and vulnerabilities may interact with it.",,[],"['Resistance', 'Immunity', 'Vulnerability']",['damage'],
dndvocab:rules:damage:poison_damage,Poison Damage,['poison'],rules,damage,5e-generic,"A damage type used by attacks, spells, or hazards. Resistances, immunities, and vulnerabilities may interact with it.",,[],"['Resistance', 'Immunity', 'Vulnerability']",['damage'],
dndvocab:rules:damage:psychic_damage,Psychic Damage,['psychic'],rules,damage,5e-generic,"A damage type used by attacks, spells, or hazards. Resistances, immunities, and vulnerabilities may interact with it.",,[],"['Resistance', 'Immunity', 'Vulnerability']",['damage'],
dndvocab:rules:damage:radiant_damage,Radiant Damage,['radiant'],rules,damage,5e-generic,"A damage type used by attacks, spells, or hazards. Resistances, immunities, and vulnerabilities may interact with it.",,[],"['Resistance', 'Immunity', 'Vulnerability']",['damage'],
dndvocab:rules:damage:slashing_damage,Slashing Damage,['slashing'],rules,damage,5e-generic,"A damage type used by attacks, spells, or hazards. Resistances, immunities, and vulnerabilities may interact with it.",,[],"['Resistance', 'Immunity', 'Vulnerability']",['damage'],
dndvocab:rules:damage:thunder_damage,Thunder Damage,['thunder'],rules,damage,5e-generic,"A damage type used by attacks, spells, or hazards. Resistances, immunities, and vulnerabilities may interact with it.",,[],"['Resistance', 'Immunity', 'Vulnerability']",['damage'],
dndvocab:rules:damage:resistance,Resistance,[],rules,damage,5e-generic,"A trait that reduces damage of a specific type (often by half, depending on edition rules).",,[],"['Acid Damage', 'Bludgeoning Damage', 'Cold Damage', 'Fire Damage', 'Force Damage', 'Lightning Damage', 'Necrotic Damage', 'Piercing Damage', 'Poison Damage', 'Psychic Damage', 'Radiant Damage', 'Slashing Damage', 'Thunder Damage']",['damage'],
dndvocab:rules:damage:immunity,Immunity,[],rules,damage,5e-generic,A trait that prevents damage or effects of a specific type.,,[],"['Acid Damage', 'Bludgeoning Damage', 'Cold Damage', 'Fire Damage', 'Force Damage', 'Lightning Damage', 'Necrotic Damage', 'Piercing Damage', 'Poison Damage', 'Psychic Damage', 'Radiant Damage', 'Slashing Damage', 'Thunder Damage']",['damage'],
dndvocab:rules:damage:vulnerability,Vulnerability,[],rules,damage,5e-generic,"A trait that increases damage of a specific type (often doubled, depending on edition rules).",,[],"['Acid Damage', 'Bludgeoning Damage', 'Cold Damage', 'Fire Damage', 'Force Damage', 'Lightning Damage', 'Necrotic Damage', 'Piercing Damage', 'Poison Damage', 'Psychic Damage', 'Radiant Damage', 'Slashing Damage', 'Thunder Damage']",['damage'],
dndvocab:monsters:creature_type:aberration,Aberration,[],monsters,creature_type,5e-generic,A creature type category used to classify monsters and effects. Certain abilities target or interact with creature types.,,[],"['Stat Block', 'CR']","['monster', 'taxonomy']",
dndvocab:monsters:creature_type:beast,Beast,[],monsters,creature_type,5e-generic,A creature type category used to classify monsters and effects. Certain abilities target or interact with creature types.,,[],"['Stat Block', 'CR']","['monster', 'taxonomy']",
dndvocab:monsters:creature_type:celestial,Celestial,[],monsters,creature_type,5e-generic,A creature type category used to classify monsters and effects. Certain abilities target or interact with creature types.,,[],"['Stat Block', 'CR']","['monster', 'taxonomy']",
dndvocab:monsters:creature_type:construct,Construct,[],monsters,creature_type,5e-generic,A creature type category used to classify monsters and effects. Certain abilities target or interact with creature types.,,[],"['Stat Block', 'CR']","['monster', 'taxonomy']",
dndvocab:monsters:creature_type:dragon,Dragon,[],monsters,creature_type,5e-generic,A creature type category used to classify monsters and effects. Certain abilities target or interact with creature types.,,[],"['Stat Block', 'CR']","['monster', 'taxonomy']",
dndvocab:monsters:creature_type:elemental,Elemental,[],monsters,creature_type,5e-generic,A creature type category used to classify monsters and effects. Certain abilities target or interact with creature types.,,[],"['Stat Block', 'CR']","['monster', 'taxonomy']",
dndvocab:monsters:creature_type:fey,Fey,[],monsters,creature_type,5e-generic,A creature type category used to classify monsters and effects. Certain abilities target or interact with creature types.,,[],"['Stat Block', 'CR']","['monster', 'taxonomy']",
dndvocab:monsters:creature_type:fiend,Fiend,[],monsters,creature_type,5e-generic,A creature type category used to classify monsters and effects. Certain abilities target or interact with creature types.,,[],"['Stat Block', 'CR']","['monster', 'taxonomy']",
dndvocab:monsters:creature_type:giant,Giant,[],monsters,creature_type,5e-generic,A creature type category used to classify monsters and effects. Certain abilities target or interact with creature types.,,[],"['Stat Block', 'CR']","['monster', 'taxonomy']",
dndvocab:monsters:creature_type:humanoid,Humanoid,[],monsters,creature_type,5e-generic,A creature type category used to classify monsters and effects. Certain abilities target or interact with creature types.,,[],"['Stat Block', 'CR']","['monster', 'taxonomy']",
dndvocab:monsters:creature_type:monstrosity,Monstrosity,[],monsters,creature_type,5e-generic,A creature type category used to classify monsters and effects. Certain abilities target or interact with creature types.,,[],"['Stat Block', 'CR']","['monster', 'taxonomy']",
dndvocab:monsters:creature_type:ooze,Ooze,[],monsters,creature_type,5e-generic,A creature type category used to classify monsters and effects. Certain abilities target or interact with creature types.,,[],"['Stat Block', 'CR']","['monster', 'taxonomy']",
dndvocab:monsters:creature_type:plant,Plant,[],monsters,creature_type,5e-generic,A creature type category used to classify monsters and effects. Certain abilities target or interact with creature types.,,[],"['Stat Block', 'CR']","['monster', 'taxonomy']",
dndvocab:monsters:creature_type:undead,Undead,[],monsters,creature_type,5e-generic,A creature type category used to classify monsters and effects. Certain abilities target or interact with creature types.,,[],"['Stat Block', 'CR']","['monster', 'taxonomy']",
dndvocab:meta:publishing:srd,SRD,['System Reference Document'],meta,publishing,5e-generic,System Reference Document. A set of rules/content released for public use by a publisher under a license (varies by edition/brand).,,[],[],"['publishing', 'legal']",
dndvocab:meta:publishing:ogl,OGL,['Open Game License'],meta,publishing,5e-generic,Open Game License. A license historically used to publish and share compatible tabletop RPG material (terms vary by version).,,[],[],"['publishing', 'legal']",
dndvocab:worldbuilding:structure:setting,Setting,[],worldbuilding,structure,5e-generic,"A campaign world or universe with its own geography, cultures, factions, and history.",,[],[],['story'],
dndvocab:worldbuilding:meta:canon,Canon,[],worldbuilding,meta,5e-generic,The official or accepted version of events in a setting or campaign.,,[],[],['story'],
dndvocab:worldbuilding:meta:retcon,Retcon,[],worldbuilding,meta,5e-generic,Retroactive continuity. Changing established facts in the story to fit new information.,,[],[],['story'],
dndvocab:worldbuilding:meta:lore,Lore,[],worldbuilding,meta,5e-generic,"The body of background knowledge, myths, histories, and truths about the world.",,[],[],['story'],
dndvocab:meta:table:session,Session,[],meta,table,5e-generic,A single play meeting where the group plays the game for a set period.,,[],[],['table-talk'],
dndvocab:story:structure:arc,Arc,[],story,structure,5e-generic,"A sequence of sessions/adventures that form a coherent story segment with a beginning, middle, and end.",,[],[],['plot'],
dndvocab:story:structure:plot_hook,Plot Hook,[],story,structure,5e-generic,A narrative opportunity that invites engagement; similar to an adventure hook.,,[],['Adventure Hook'],['plot'],
dndvocab:story:structure:macguffin,MacGuffin,[],story,structure,5e-generic,An object/goal that drives the plot; its value is mainly in motivating action.,,[],[],['plot'],
dndvocab:meta:table:railroading,Railroading,[],meta,table,5e-generic,A DM style where player choice is heavily constrained to a predetermined path (often used pejoratively).,,[],[],"['table-talk', 'style']",
dndvocab:meta:table:sandbox,Sandbox,[],meta,table,5e-generic,A campaign style where players choose goals freely in an open world rather than following a linear plot.,,[],[],"['table-talk', 'style']",
dndvocab:meta:adventure:hexcrawl,Hexcrawl,[],meta,adventure,5e-generic,A wilderness exploration style where the map is divided into hexes; travel and discovery are structured by hex movement.,,[],[],['exploration'],
dndvocab:meta:adventure:dungeon_crawl,Dungeon Crawl,[],meta,adventure,5e-generic,"An adventure structure focused on exploring a dungeon’s rooms, traps, monsters, and treasure.",,[],[],['exploration'],
dndvocab:worldbuilding:economy:cp,cp,['CP'],worldbuilding,economy,5e-generic,"Copper piece, a low-value coin.",,[],[],['money'],
dndvocab:worldbuilding:economy:sp,sp,['SP'],worldbuilding,economy,5e-generic,"Silver piece, a common coin for everyday purchases.",,[],[],['money'],
dndvocab:worldbuilding:economy:ep,ep,['EP'],worldbuilding,economy,5e-generic,"Electrum piece, an uncommon mid-value coin.",,[],[],['money'],
dndvocab:worldbuilding:economy:gp,gp,['GP'],worldbuilding,economy,5e-generic,"Gold piece, the standard high-value coin.",,[],[],['money'],
dndvocab:worldbuilding:economy:pp,pp,['PP'],worldbuilding,economy,5e-generic,"Platinum piece, a very high-value coin.",,[],[],['money'],
dndvocab:worldbuilding:tavern:ale,Ale,[],worldbuilding,tavern,5e-generic,A common fermented drink served in taverns; ranges from cheap small-beer to strong craft brews.,,"[""'Two ales and a bowl of stew,' you say, sliding a silver across the bar.""]",[],"['food', 'drink']",
dndvocab:worldbuilding:tavern:mead,Mead,[],worldbuilding,tavern,5e-generic,"Honey wine; often associated with dwarven halls, skalds, and celebrations.",,[],[],"['food', 'drink']",
dndvocab:worldbuilding:tavern:small_beer,Small Beer,[],worldbuilding,tavern,5e-generic,A weak beer brewed for safety and hydration when water quality is suspect.,,[],[],"['food', 'drink']",
dndvocab:worldbuilding:food:hardtack,Hardtack,[],worldbuilding,food,5e-generic,"A durable, dry travel biscuit; poor taste but long shelf life.",,[],[],['travel'],
dndvocab:worldbuilding:food:rations,Rations,[],worldbuilding,food,5e-generic,"Packaged or preserved food carried for travel: jerky, dried fruit, nuts, hard bread.",,[],['Hardtack'],['travel'],
dndvocab:worldbuilding:locations:inn,Inn,[],worldbuilding,locations,5e-generic,"A lodging establishment offering rooms, meals, stables, and local gossip.",,[],[],['town'],
dndvocab:worldbuilding:locations:tavern,Tavern,[],worldbuilding,locations,5e-generic,"A social hub for drink, rumors, job offers, and trouble.",,[],"['Inn', 'Quest Board']",['town'],
dndvocab:worldbuilding:tavern:common_room,Common Room,[],worldbuilding,tavern,5e-generic,"The main public space of an inn or tavern where patrons eat, drink, and socialize.",,[],[],['town'],
dndvocab:worldbuilding:tavern:private_booth,Private Booth,[],worldbuilding,tavern,5e-generic,"A semi-secluded seat in a tavern used for quiet deals, meetings, or clandestine chats.",,[],[],['town'],
dndvocab:worldbuilding:locations:stable,Stable,[],worldbuilding,locations,5e-generic,"A place to keep mounts and carts, often attached to an inn.",,[],[],['travel'],
dndvocab:worldbuilding:roles:barkeep,Barkeep,[],worldbuilding,roles,5e-generic,"The person running the bar: pours drinks, keeps order, hears everything.",,[],[],['npc'],
dndvocab:worldbuilding:roles:bouncer,Bouncer,[],worldbuilding,roles,5e-generic,A hired strongarm who removes troublemakers from taverns.,,[],[],['npc'],
dndvocab:story:information:rumor_mill,Rumor Mill,[],story,information,5e-generic,"The flow of gossip, hearsay, and speculation among locals; a common information source for PCs.",,[],[],['town'],
dndvocab:rules:downtime:carousing,Carousing,[],rules,downtime,5e-generic,"Downtime spent drinking and socializing to gain contacts, rumors, or complications.",,[],['Downtime'],['campaign'],
dndvocab:equipment:gear:backpack,Backpack,[],equipment,gear,5e-generic,A pack used to carry gear; often assumed to hold an adventurer’s basics.,,[],[],['travel'],
dndvocab:equipment:gear:bedroll,Bedroll,[],equipment,gear,5e-generic,A portable sleeping roll used for camping.,,[],[],['travel'],
dndvocab:equipment:gear:torch,Torch,[],equipment,gear,5e-generic,A handheld light source; also usable as an improvised weapon or fire starter.,,[],[],['exploration'],
dndvocab:equipment:gear:lantern,Lantern,[],equipment,gear,5e-generic,"A protected light source, usually brighter/safer than a torch; may require oil.",,[],[],['exploration'],
dndvocab:equipment:gear:rope,Rope,[],equipment,gear,5e-generic,"Utility cord for climbing, tying, securing, and improvisation; adventuring staple.",,[],[],['exploration'],
dndvocab:equipment:gear:grappling_hook,Grappling Hook,[],equipment,gear,5e-generic,A hooked tool attached to rope for climbing walls or pulling objects.,,[],[],['exploration'],
dndvocab:equipment:gear:pitons,Pitons,[],equipment,gear,5e-generic,Metal spikes driven into rock or wood to aid climbing and anchoring ropes.,,[],[],['exploration'],
dndvocab:equipment:tools:lockpicks,Lockpicks,[],equipment,tools,5e-generic,Tools used to open locks and disarm simple mechanisms; often tied to thieves' expertise.,,[],[],['stealth'],
dndvocab:equipment:tools:healer_s_kit,Healer's Kit,[],equipment,tools,5e-generic,Bandages and medical supplies used to stabilize or treat wounds depending on rules.,,[],[],['healing'],
dndvocab:equipment:spellcasting:spellbook,Spellbook,[],equipment,spellcasting,5e,A wizard’s record of known spells and arcane research.,,[],[],['spells'],
dndvocab:equipment:spellcasting:holy_symbol,Holy Symbol,[],equipment,spellcasting,5e,A sacred focus used by clerics/paladins to channel divine magic.,,[],[],['spells'],
dndvocab:equipment:spellcasting:druidic_focus,Druidic Focus,[],equipment,spellcasting,5e,"A natural focus used by druids to channel magic (mistletoe, staff, sprig, etc.).",,[],[],['spells'],
dndvocab:equipment:spellcasting:arcane_focus,Arcane Focus,[],equipment,spellcasting,5e,"A focus used by arcane casters to channel magic (wand, staff, orb, crystal, etc.).",,[],[],['spells'],
dndvocab:meta:table:table_talk,Table Talk,[],meta,table,5e-generic,"Out-of-character conversation about rules, plans, or meta information during play.",,[],[],['table-talk'],
dndvocab:meta:roleplay:in_character,In-Character,['IC'],meta,roleplay,5e-generic,Roleplaying and speaking as your character rather than as yourself.,,[],[],['roleplay'],
dndvocab:meta:roleplay:out_of_character,Out-of-Character,['OOC'],meta,roleplay,5e-generic,"Speaking as the player, not the character; often used for rules or clarity.",,[],[],['roleplay'],
dndvocab:meta:table:metagaming,Metagaming,[],meta,table,5e-generic,Using player knowledge that the character wouldn’t reasonably have to influence decisions.,,[],[],['table-talk'],
dndvocab:meta:table:spotlight,Spotlight,[],meta,table,5e-generic,The focus of play on a character’s moment to shine; good tables share spotlight fairly.,,[],[],['table-talk'],
dndvocab:meta:table:safety_tool,Safety Tool,[],meta,table,5e-generic,"A procedure or agreement to ensure play remains comfortable and consensual (e.g., lines/veils, X-card).",,[],[],['safety'],
dndvocab:meta:table:lines_and_veils,Lines and Veils,[],meta,table,5e-generic,"A safety framework: lines are hard limits (not included), veils are fade-to-black topics.",,[],[],['safety'],
dndvocab:meta:table:x_card,X-Card,[],meta,table,5e-generic,A safety tool: a player can signal discomfort and the content is rewound or reframed without debate.,,[],[],['safety'],
dndvocab:character:stats:ability_score,Ability Score,[],character,stats,5e-generic,"A core stat describing aptitude (e.g., Strength, Dexterity) used for checks and saves.",,[],[],['character'],
dndvocab:character:stats:strength,Strength,['STR'],character,stats,5e-generic,"An ability score representing strength-related aptitude; influences checks, saves, and sometimes attacks/spells.",,[],"['Ability Modifier', 'Ability Check', 'Saving Throw']",['character'],
dndvocab:character:stats:dexterity,Dexterity,['DEX'],character,stats,5e-generic,"An ability score representing dexterity-related aptitude; influences checks, saves, and sometimes attacks/spells.",,[],"['Ability Modifier', 'Ability Check', 'Saving Throw']",['character'],
dndvocab:character:stats:constitution,Constitution,['CON'],character,stats,5e-generic,"An ability score representing constitution-related aptitude; influences checks, saves, and sometimes attacks/spells.",,[],"['Ability Modifier', 'Ability Check', 'Saving Throw']",['character'],
dndvocab:character:stats:intelligence,Intelligence,['INT'],character,stats,5e-generic,"An ability score representing intelligence-related aptitude; influences checks, saves, and sometimes attacks/spells.",,[],"['Ability Modifier', 'Ability Check', 'Saving Throw']",['character'],
dndvocab:character:stats:wisdom,Wisdom,['WIS'],character,stats,5e-generic,"An ability score representing wisdom-related aptitude; influences checks, saves, and sometimes attacks/spells.",,[],"['Ability Modifier', 'Ability Check', 'Saving Throw']",['character'],
dndvocab:character:stats:charisma,Charisma,['CHA'],character,stats,5e-generic,"An ability score representing charisma-related aptitude; influences checks, saves, and sometimes attacks/spells.",,[],"['Ability Modifier', 'Ability Check', 'Saving Throw']",['character'],
dndvocab:character:stats:ability_modifier,Ability Modifier,[],character,stats,5e-generic,A derived bonus/penalty from an ability score used on d20 rolls.,,[],[],['character'],
dndvocab:character:creation:background,Background,[],character,creation,5e,"A character’s pre-adventuring life that provides skills, tools, languages, and roleplay hooks.",,[],[],['character'],
dndvocab:character:roleplay:alignment,Alignment,[],character,roleplay,5e-generic,A descriptive framework for moral/ethical tendencies (varies by table and edition).,,[],[],['character'],
dndvocab:character:roleplay:trait,Trait,[],character,roleplay,5e-generic,"A personality feature used for roleplay: ideals, bonds, flaws, quirks.",,[],[],['character'],
dndvocab:character:roleplay:bond,Bond,[],character,roleplay,5e-generic,"A person, place, or principle your character is deeply tied to; a roleplay driver.",,[],[],['character'],
dndvocab:character:roleplay:flaw,Flaw,[],character,roleplay,5e-generic,A weakness or vice that can complicate decisions and story.,,[],[],['character'],
dndvocab:character:roleplay:backstory,Backstory,[],character,roleplay,5e-generic,"Narrative history that explains motivations, relationships, and goals.",,[],[],['character'],
dndvocab:character:advancement:feat,Feat,[],character,advancement,5e,An optional character option granting specific benefits or capabilities.,,[],[],['character'],
dndvocab:character:advancement:subclass,Subclass,[],character,advancement,5e-generic,A specialization chosen within a class that shapes your features and theme.,,[],[],['character'],
dndvocab:character:advancement:multiclassing,Multiclassing,[],character,advancement,5e,Taking levels in more than one class to mix features (optional rule in many editions).,,[],[],['character'],
dndvocab:character:creation:ancestry,Ancestry,[],character,creation,5e-generic,A character’s lineage/species/heritage; in some systems used instead of 'race'.,,[],[],['inclusive-language'],
dndvocab:character:creation:species,Species,[],character,creation,5e-generic,A character creation category describing biological lineage; used in some modern rulesets.,,[],[],['inclusive-language'],
dndvocab:character:creation:race,Race,[],character,creation,5e-generic,A legacy term for character lineage; many tables now prefer 'ancestry' or 'species'.,,[],[],['legacy-language'],
dndvocab:character:ancestry:human,Human,['Variant Human'],character,ancestry,5e-generic,Versatile and widespread; often defined by culture rather than biology.,,[],"['Ancestry', 'Background']","['species', 'ancestry']",
dndvocab:character:ancestry:elf,Elf,"['High Elf', 'Wood Elf', 'Drow', 'Sea Elf']",character,ancestry,5e-generic,"Graceful, long-lived folk with keen senses and fey heritage.",,[],"['Ancestry', 'Background']","['species', 'ancestry']",
dndvocab:character:ancestry:dwarf,Dwarf,"['Hill Dwarf', 'Mountain Dwarf']",character,ancestry,5e-generic,"Stout, resilient folk known for craftsmanship, clans, and stone-sense.",,[],"['Ancestry', 'Background']","['species', 'ancestry']",
dndvocab:character:ancestry:halfling,Halfling,"['Lightfoot', 'Stout']",character,ancestry,5e-generic,"Small, lucky, and brave; often underestimated.",,[],"['Ancestry', 'Background']","['species', 'ancestry']",
dndvocab:character:ancestry:gnome,Gnome,"['Forest Gnome', 'Rock Gnome']",character,ancestry,5e-generic,Inventive and curious smallfolk with a spark of magic or tinkering.,,[],"['Ancestry', 'Background']","['species', 'ancestry']",
dndvocab:character:ancestry:half_elf,Half-Elf,[],character,ancestry,5e-generic,Mixed heritage; socially adaptable and versatile.,,[],"['Ancestry', 'Background']","['species', 'ancestry']",
dndvocab:character:ancestry:half_orc,Half-Orc,[],character,ancestry,5e-generic,Tough and intense; often caught between cultures.,,[],"['Ancestry', 'Background']","['species', 'ancestry']",
dndvocab:character:ancestry:tiefling,Tiefling,[],character,ancestry,5e-generic,Fiend-touched lineage with distinctive infernal traits.,,[],"['Ancestry', 'Background']","['species', 'ancestry']",
dndvocab:character:ancestry:dragonborn,Dragonborn,[],character,ancestry,5e-generic,"Draconic lineage, breath weapons, and proud clan traditions.",,[],"['Ancestry', 'Background']","['species', 'ancestry']",
dndvocab:character:class:barbarian,Barbarian,[],character,class,5e-generic,A fierce warrior fueled by rage and primal power.,,[],"['Subclass', 'Feat', 'Multiclassing']",['class'],
dndvocab:character:class:bard,Bard,[],character,class,5e-generic,"A versatile performer who weaves magic through music, words, and inspiration.",,[],"['Subclass', 'Feat', 'Multiclassing']",['class'],
dndvocab:character:class:cleric,Cleric,[],character,class,5e-generic,"A divine agent who channels sacred power to heal, harm, and protect.",,[],"['Subclass', 'Feat', 'Multiclassing']",['class'],
dndvocab:character:class:druid,Druid,[],character,class,5e-generic,A nature mystic who commands primal magic and often shapeshifts.,,[],"['Subclass', 'Feat', 'Multiclassing']",['class'],
dndvocab:character:class:fighter,Fighter,[],character,class,5e-generic,A master of martial combat and tactics.,,[],"['Subclass', 'Feat', 'Multiclassing']",['class'],
dndvocab:character:class:monk,Monk,[],character,class,5e-generic,A disciplined martial artist who harnesses inner ki.,,[],"['Subclass', 'Feat', 'Multiclassing']",['class'],
dndvocab:character:class:paladin,Paladin,[],character,class,5e-generic,A sworn champion empowered by oaths and divine resolve.,,[],"['Subclass', 'Feat', 'Multiclassing']",['class'],
dndvocab:character:class:ranger,Ranger,[],character,class,5e-generic,A hunter and guide skilled in wilderness survival and martial prowess.,,[],"['Subclass', 'Feat', 'Multiclassing']",['class'],
dndvocab:character:class:rogue,Rogue,[],character,class,5e-generic,"A skillful specialist in stealth, tricks, and precision strikes.",,[],"['Subclass', 'Feat', 'Multiclassing']",['class'],
dndvocab:character:class:sorcerer,Sorcerer,[],character,class,5e-generic,A spellcaster whose magic is innate and bloodline-based.,,[],"['Subclass', 'Feat', 'Multiclassing']",['class'],
dndvocab:character:class:warlock,Warlock,[],character,class,5e-generic,A spellcaster empowered by a pact with an otherworldly patron.,,[],"['Subclass', 'Feat', 'Multiclassing']",['class'],
dndvocab:character:class:wizard,Wizard,[],character,class,5e-generic,A scholar of arcane lore who learns spells through study.,,[],"['Subclass', 'Feat', 'Multiclassing']",['class'],
dndvocab:spells:school:abjuration,Abjuration,[],spells,school,5e-generic,"Protective magic: wards, banishment, negation.",,[],"['Cantrip', 'Spell Slot', 'Concentration']",['spells'],
dndvocab:spells:school:conjuration,Conjuration,[],spells,school,5e-generic,"Summoning and creation: calling creatures/objects, teleportation.",,[],"['Cantrip', 'Spell Slot', 'Concentration']",['spells'],
dndvocab:spells:school:divination,Divination,[],spells,school,5e-generic,"Knowledge and foresight: detection, scrying, prophecy.",,[],"['Cantrip', 'Spell Slot', 'Concentration']",['spells'],
dndvocab:spells:school:enchantment,Enchantment,[],spells,school,5e-generic,"Mind and emotion: charms, compulsions, influence.",,[],"['Cantrip', 'Spell Slot', 'Concentration']",['spells'],
dndvocab:spells:school:evocation,Evocation,[],spells,school,5e-generic,"Raw energy: blasts, elemental forces.",,[],"['Cantrip', 'Spell Slot', 'Concentration']",['spells'],
dndvocab:spells:school:illusion,Illusion,[],spells,school,5e-generic,"Deception and misdirection: glamers, phantasms, invisibility.",,[],"['Cantrip', 'Spell Slot', 'Concentration']",['spells'],
dndvocab:spells:school:necromancy,Necromancy,[],spells,school,5e-generic,"Life and death: draining, raising undead, manipulating vitality.",,[],"['Cantrip', 'Spell Slot', 'Concentration']",['spells'],
dndvocab:spells:school:transmutation,Transmutation,[],spells,school,5e-generic,"Change and alteration: transforming matter, bodies, or properties.",,[],"['Cantrip', 'Spell Slot', 'Concentration']",['spells'],
dndvocab:spells:casting:prepared_caster,Prepared Caster,[],spells,casting,5e-generic,A caster who chooses a list of spells prepared each day/rest from a broader known list.,,[],[],['spells'],
dndvocab:spells:casting:known_spells,Known Spells,[],spells,casting,5e-generic,Spells permanently learned/selected; typically a smaller list than prepared casters.,,[],[],['spells'],
dndvocab:spells:casting:spell_list,Spell List,[],spells,casting,5e-generic,"The set of spells available to a class or tradition (e.g., cleric list).",,[],[],['spells'],
dndvocab:languages:dialect:dwarven_trade_cant,Dwarven Trade Cant,[],languages,dialect,5e-generic,"Clipped, practical phrasing with emphasis on weights, measures, and honor.",,"['By the anvil, that’s fair weight.', 'Stone remembers; keep your oath.']","['Languages', 'In-Character']","['roleplay', 'speech', 'Dwarvish', 'Clan', 'Craft']",
dndvocab:languages:dialect:high_elven_court_speech,High Elven Court Speech,[],languages,dialect,5e-generic,"Elegant, metaphor-rich language with layered politeness.",,"['May your path be lit by the first star.', 'Your request is heard and held in grace.']","['Languages', 'In-Character']","['roleplay', 'speech', 'Elvish', 'Nobility', 'Etiquette']",
dndvocab:languages:dialect:thieves_cant,Thieves' Cant,[],languages,dialect,5e-generic,Coded slang and gestures used by criminals to pass meaning in plain sight.,,"[""'Nice weather for crows' (danger nearby)."", 'A coin spun on the table (meet after dark).']","['Languages', 'In-Character']","['roleplay', 'speech', 'Rogue', 'Underworld', 'Signals']",
dndvocab:languages:dialect:orcish_war_tongue,Orcish War-Tongue,[],languages,dialect,5e-generic,"Direct, challenge-based speech; status shown through deeds.",,"['Speak your strength.', 'Steel talks; words follow.']","['Languages', 'In-Character']","['roleplay', 'speech', 'Orc', 'Warband', 'Honor']",
dndvocab:languages:dialect:halfling_hearth_talk,Halfling Hearth Talk,[],languages,dialect,5e-generic,"Warm, story-forward chatter; names and food metaphors common.",,"['That plan’s half-baked, dear.', 'We’ll make a feast of it yet.']","['Languages', 'In-Character']","['roleplay', 'speech', 'Halfling', 'Community', 'Hospitality']",
dndvocab:languages:dialect:gnomish_tinker_jargon,Gnomish Tinker Jargon,[],languages,dialect,5e-generic,Rapid-fire technical metaphors; humorous over-precision.,,"['Hand me the whirligig spanner.', 'If it explodes, it’s still progress.']","['Languages', 'In-Character']","['roleplay', 'speech', 'Gnomish', 'Artifice', 'Workshop']",
dndvocab:languages:dialect:draconic_formal_register,Draconic Formal Register,[],languages,dialect,5e-generic,"Grandiose titles, ancient-sounding clauses, and declarative cadence.",,"['I name you under my gaze.', 'Let the record of flame be kept.']","['Languages', 'In-Character']","['roleplay', 'speech', 'Draconic', 'Dragons', 'Ancient']",
dndvocab:languages:language:common,Common,[],languages,language,5e-generic,The trade language used broadly for commerce and diplomacy.,,[],"['Dialects', ""Thieves' Cant""]",['language'],
dndvocab:languages:language:dwarvish,Dwarvish,[],languages,language,5e-generic,A runic tongue with strong clan and craft vocabulary.,,[],"['Dialects', ""Thieves' Cant""]",['language'],
dndvocab:languages:language:elvish,Elvish,[],languages,language,5e-generic,A flowing language with many poetic registers.,,[],"['Dialects', ""Thieves' Cant""]",['language'],
dndvocab:languages:language:halfling,Halfling,[],languages,language,5e-generic,A friendly language with many family and food metaphors.,,[],"['Dialects', ""Thieves' Cant""]",['language'],
dndvocab:languages:language:gnomish,Gnomish,[],languages,language,5e-generic,A quick language with playful phrasing and technical terms.,,[],"['Dialects', ""Thieves' Cant""]",['language'],
dndvocab:languages:language:orc,Orc,[],languages,language,5e-generic,A harsh tongue used by many orcish cultures; often direct and martial.,,[],"['Dialects', ""Thieves' Cant""]",['language'],
dndvocab:languages:language:goblin,Goblin,[],languages,language,5e-generic,"A fast, chittering language with many slang terms.",,[],"['Dialects', ""Thieves' Cant""]",['language'],
dndvocab:languages:language:giant,Giant,[],languages,language,5e-generic,A booming language with simple grammar but strong emphasis.,,[],"['Dialects', ""Thieves' Cant""]",['language'],
dndvocab:languages:language:draconic,Draconic,[],languages,language,5e-generic,An ancient language tied to dragons and arcane tradition.,,[],"['Dialects', ""Thieves' Cant""]",['language'],
dndvocab:languages:language:infernal,Infernal,[],languages,language,5e-generic,"A precise, contractual language associated with devils.",,[],"['Dialects', ""Thieves' Cant""]",['language'],
dndvocab:languages:language:abyssal,Abyssal,[],languages,language,5e-generic,"A chaotic, abrasive tongue associated with demons.",,[],"['Dialects', ""Thieves' Cant""]",['language'],
dndvocab:languages:language:celestial,Celestial,[],languages,language,5e-generic,"A resonant language of heavens, oaths, and true names.",,[],"['Dialects', ""Thieves' Cant""]",['language'],
dndvocab:languages:language:sylvan,Sylvan,[],languages,language,5e-generic,A lilting fey tongue full of double meanings.,,[],"['Dialects', ""Thieves' Cant""]",['language'],
dndvocab:languages:language:undercommon,Undercommon,[],languages,language,5e-generic,A creole trade language of the Underdark.,,[],"['Dialects', ""Thieves' Cant""]",['language'],
dndvocab:languages:language:primordial,Primordial,[],languages,language,5e-generic,"A family of elemental tongues (Ignan, Auran, Aquan, Terran).",,[],"['Dialects', ""Thieves' Cant""]",['language'],
dndvocab:languages:language:deep_speech,Deep Speech,[],languages,language,5e-generic,A strange language of the far realms and psionic echoes.,,[],"['Dialects', ""Thieves' Cant""]",['language'],
dndvocab:languages:meta:languages,Languages,[],languages,meta,5e-generic,The set of tongues a character can speak/read; often chosen during character creation and background.,,[],"['Common', 'Dwarvish', 'Elvish', 'Halfling', 'Gnomish', 'Orc', 'Goblin', 'Giant', 'Draconic', 'Infernal', 'Abyssal', 'Celestial', 'Sylvan', 'Undercommon', 'Primordial', 'Deep Speech']",['language'],
dndvocab:combat:action:attack,Attack,[],combat,action,5e,Make one or more weapon/unarmed attacks (depending on features).,,[],"['Action', 'Bonus Action', 'Reaction']",['combat'],
dndvocab:combat:action:cast_a_spell,Cast a Spell,[],combat,action,5e,Cast a spell with casting time of 1 action (unless otherwise stated).,,[],"['Action', 'Bonus Action', 'Reaction']",['combat'],
dndvocab:combat:action:dash,Dash,[],combat,action,5e,Gain extra movement for the turn.,,[],"['Action', 'Bonus Action', 'Reaction']",['combat'],
dndvocab:combat:action:disengage,Disengage,[],combat,action,5e,Avoid provoking opportunity attacks for the rest of your turn.,,[],"['Action', 'Bonus Action', 'Reaction']",['combat'],
dndvocab:combat:action:dodge,Dodge,[],combat,action,5e,Focus on defense; attacks against you have disadvantage if you can see the attacker.,,[],"['Action', 'Bonus Action', 'Reaction']",['combat'],
dndvocab:combat:action:help,Help,[],combat,action,5e,Grant an ally advantage on their next check/attack in certain situations.,,[],"['Action', 'Bonus Action', 'Reaction']",['combat'],
dndvocab:combat:action:hide,Hide,[],combat,action,5e,Attempt to become unseen; usually requires cover/obscurement and a Stealth check.,,[],"['Action', 'Bonus Action', 'Reaction']",['combat'],
dndvocab:combat:action:ready,Ready,[],combat,action,5e,Prepare an action with a trigger to use your reaction when it occurs.,,[],"['Action', 'Bonus Action', 'Reaction']",['combat'],
dndvocab:combat:action:search,Search,[],combat,action,5e,Look for something using Perception or Investigation.,,[],"['Action', 'Bonus Action', 'Reaction']",['combat'],
dndvocab:combat:action:use_an_object,Use an Object,[],combat,action,5e,Interact with an item that requires an action rather than free interaction.,,[],"['Action', 'Bonus Action', 'Reaction']",['combat'],
dndvocab:exploration:dungeon:dungeon,Dungeon,[],exploration,dungeon,5e-generic,"Any dangerous site for exploration: ruins, caverns, keeps, temples, shipwrecks.",,[],[],['exploration'],
dndvocab:exploration:dungeon:room,Room,[],exploration,dungeon,5e-generic,"A discrete area in a dungeon; often keyed with encounters, traps, or treasure.",,[],[],['exploration'],
dndvocab:exploration:dungeon:corridor,Corridor,[],exploration,dungeon,5e-generic,A connecting passage between rooms; may hide hazards or patrols.,,[],[],['exploration'],
dndvocab:exploration:dungeon:trap,Trap,[],exploration,dungeon,5e-generic,"A hidden hazard triggered by action or proximity: pits, darts, runes, snares.",,[],[],['exploration'],
dndvocab:exploration:dungeon:puzzle,Puzzle,[],exploration,dungeon,5e-generic,"A non-combat challenge requiring logic, pattern recognition, or experimentation.",,[],[],['exploration'],
dndvocab:exploration:dungeon:secret_door,Secret Door,[],exploration,dungeon,5e-generic,A concealed entrance; often found with careful searching or clues.,,[],[],['exploration'],
dndvocab:exploration:dungeon:encounter,Encounter,[],exploration,dungeon,5e-generic,"A scene with meaningful stakes: combat, negotiation, hazard, chase, etc.",,[],[],['exploration'],
dndvocab:exploration:dungeon:random_encounter,Random Encounter,[],exploration,dungeon,5e-generic,An encounter triggered by chance during travel or exploration.,,[],[],['exploration'],
dndvocab:exploration:dungeon:wandering_monster,Wandering Monster,[],exploration,dungeon,5e-generic,A creature that roams and may stumble upon the party during exploration.,,[],[],['exploration'],
dndvocab:exploration:dungeon:marching_order,Marching Order,[],exploration,dungeon,5e-generic,The party’s formation while traveling through confined spaces.,,[],[],['exploration'],
dndvocab:exploration:dungeon:light_radius,Light Radius,[],exploration,dungeon,5e-generic,How far a light source illuminates; affects stealth and visibility.,,[],[],['exploration'],
dndvocab:exploration:dungeon:fog_of_war,Fog of War,[],exploration,dungeon,5e-generic,Concealment of unexplored map areas; reveals as players explore.,,[],[],['exploration'],
dndvocab:exploration:dungeon:battle_map,Battle Map,[],exploration,dungeon,5e-generic,A grid/hex map used to represent positions and movement in tactical scenes.,,[],[],['exploration'],
dndvocab:exploration:dungeon:theater_of_the_mind,Theater of the Mind,[],exploration,dungeon,5e-generic,"Running scenes without a map, using description and approximate distances.",,[],[],['exploration'],
dndvocab:worldbuilding:factions:adventurers_guild,Adventurers' Guild,[],worldbuilding,factions,5e-generic,"A formal organization that licenses, hires, or supports adventurers; often posts contracts and bounties.",,[],['Quest Board'],['faction'],
dndvocab:worldbuilding:factions:thieves_guild,Thieves' Guild,[],worldbuilding,factions,5e-generic,"A criminal organization controlling illicit trade, smuggling, protection rackets, and blackmail.",,[],"[""Thieves' Cant""]",['faction'],
dndvocab:worldbuilding:factions:mage_circle,Mage Circle,[],worldbuilding,factions,5e-generic,"A collective of spellcasters focused on research, regulation, or politics of magic.",,[],[],['faction'],
dndvocab:worldbuilding:factions:temple_order,Temple Order,[],worldbuilding,factions,5e-generic,"A religious organization that provides rites, healing, and dogma enforcement.",,[],[],['faction'],
dndvocab:worldbuilding:factions:mercenary_company,Mercenary Company,[],worldbuilding,factions,5e-generic,A professional band of soldiers for hire; loyalty depends on contract and coin.,,[],[],['faction'],
dndvocab:worldbuilding:factions:noble_house,Noble House,[],worldbuilding,factions,5e-generic,"A ruling family with land, titles, retainers, and political influence.",,[],[],['faction'],
dndvocab:story:quest:fetch_quest,Fetch Quest,[],story,quest,5e-generic,Retrieve an item and return it to the quest giver.,,[],"['Adventure Hook', 'Quest Board']",['questing'],
dndvocab:story:quest:rescue_mission,Rescue Mission,[],story,quest,5e-generic,Extract a captive or endangered person from danger.,,[],"['Adventure Hook', 'Quest Board']",['questing'],
dndvocab:story:quest:escort_quest,Escort Quest,[],story,quest,5e-generic,Safely guide a person or cargo to a destination.,,[],"['Adventure Hook', 'Quest Board']",['questing'],
dndvocab:story:quest:bounty_hunt,Bounty Hunt,[],story,quest,5e-generic,Track and capture/kill a target for reward.,,[],"['Adventure Hook', 'Quest Board']",['questing'],
dndvocab:story:quest:heist,Heist,[],story,quest,5e-generic,Infiltrate a secure location to steal an object or information.,,[],"['Adventure Hook', 'Quest Board']",['questing'],
dndvocab:story:quest:investigation,Investigation,[],story,quest,5e-generic,Solve a mystery by gathering clues and connecting evidence.,,[],"['Adventure Hook', 'Quest Board']",['questing'],
dndvocab:story:quest:diplomatic_mission,Diplomatic Mission,[],story,quest,5e-generic,Negotiate between factions to prevent conflict or secure alliances.,,[],"['Adventure Hook', 'Quest Board']",['questing'],
dndvocab:story:quest:dungeon_delve,Dungeon Delve,[],story,quest,5e-generic,"Explore a dangerous site to obtain treasure, knowledge, or a goal.",,[],"['Adventure Hook', 'Quest Board']",['questing'],
dndvocab:story:quest:survival_trek,Survival Trek,[],story,quest,5e-generic,"Endure harsh travel conditions while racing time, weather, or pursuers.",,[],"['Adventure Hook', 'Quest Board']",['questing'],
dndvocab:story:quest:siege_defense,Siege Defense,[],story,quest,5e-generic,Hold a location against attackers until relief arrives or a goal is met.,,[],"['Adventure Hook', 'Quest Board']",['questing'],
dndvocab:worldbuilding:locations:keep,Keep,[],worldbuilding,locations,5e-generic,"A fortified stronghold, often a small castle.",,[],[],['location'],
dndvocab:worldbuilding:locations:manor,Manor,[],worldbuilding,locations,5e-generic,"A noble estate with lands, servants, and local authority.",,[],[],['location'],
dndvocab:worldbuilding:locations:bazaar,Bazaar,[],worldbuilding,locations,5e-generic,A bustling market district of stalls and merchants.,,[],[],['location'],
dndvocab:worldbuilding:locations:apothecary,Apothecary,[],worldbuilding,locations,5e-generic,"A shop selling herbs, remedies, and alchemical basics.",,[],[],['location'],
dndvocab:worldbuilding:locations:blacksmith,Blacksmith,[],worldbuilding,locations,5e-generic,"A workshop for forging weapons, armor, tools, and horseshoes.",,[],[],['location'],
dndvocab:worldbuilding:locations:arcane_shop,Arcane Shop,[],worldbuilding,locations,5e-generic,"A store selling components, curios, scrolls, and oddities.",,[],[],['location'],
dndvocab:worldbuilding:locations:temple,Temple,[],worldbuilding,locations,5e-generic,"A place of worship offering rituals, guidance, and sanctuary.",,[],[],['location'],
dndvocab:worldbuilding:locations:shrine,Shrine,[],worldbuilding,locations,5e-generic,A small sacred site devoted to a deity or spirit.,,[],[],['location'],
dndvocab:worldbuilding:locations:port,Port,[],worldbuilding,locations,5e-generic,"A harbor district for ships, sailors, and trade.",,[],[],['location'],
dndvocab:worldbuilding:locations:dockside,Dockside,[],worldbuilding,locations,5e-generic,"The waterfront area; a mix of labor, taverns, and smugglers.",,[],[],['location'],
dndvocab:worldbuilding:locations:city_watch,City Watch,[],worldbuilding,locations,5e-generic,"Local law enforcement: patrols, arrests, investigations.",,[],[],['location'],
dndvocab:worldbuilding:locations:gaol,Gaol,[],worldbuilding,locations,5e-generic,A jail or prison for holding offenders.,,[],[],['location'],
dndvocab:worldbuilding:locations:catacombs,Catacombs,[],worldbuilding,locations,5e-generic,Underground burial tunnels; often haunted or repurposed.,,[],[],['location'],
dndvocab:worldbuilding:locations:sewer,Sewer,[],worldbuilding,locations,5e-generic,Underground channels; common for hidden travel and monsters.,,[],[],['location'],
dndvocab:worldbuilding:locations:crossroads,Crossroads,[],worldbuilding,locations,5e-generic,A junction where travelers meet; common site for inns and ambushes.,,[],[],['location'],
dndvocab:worldbuilding:food:hearty_stew,Hearty Stew,['stew'],worldbuilding,food,5e-generic,"A thick, savory stew with root vegetables and scraps of meat.",,[],[],"['food', 'tavern', 'menu']",
dndvocab:worldbuilding:food:pottage,Pottage,['pottage'],worldbuilding,food,5e-generic,A simple porridge-like meal of grains and vegetables.,,[],[],"['food', 'tavern', 'menu']",
dndvocab:worldbuilding:food:smoked_jerky,Smoked Jerky,['jerky'],worldbuilding,food,5e-generic,"Dried, smoked meat strips for travel.",,[],[],"['food', 'tavern', 'menu']",
dndvocab:worldbuilding:food:aged_cheese,Aged Cheese,['cheese'],worldbuilding,food,5e-generic,"A wheel of sharp cheese, salty and filling.",,[],[],"['food', 'tavern', 'menu']",
dndvocab:worldbuilding:food:brown_bread,Brown Bread,['brown bread'],worldbuilding,food,5e-generic,Dense bread baked with coarse flour.,,[],[],"['food', 'tavern', 'menu']",
dndvocab:worldbuilding:food:onion_soup,Onion Soup,['onion soup'],worldbuilding,food,5e-generic,A rich soup topped with toasted bread.,,[],[],"['food', 'tavern', 'menu']",
dndvocab:worldbuilding:food:meat_pie,Meat Pie,['meat pie'],worldbuilding,food,5e-generic,A pastry crust stuffed with minced meat and herbs.,,[],[],"['food', 'tavern', 'menu']",
dndvocab:worldbuilding:food:fish_and_leeks,Fish And Leeks,['fish and leeks'],worldbuilding,food,5e-generic,Pan-seared river fish served with leeks.,,[],[],"['food', 'tavern', 'menu']",
dndvocab:worldbuilding:food:oatcakes,Oatcakes,['oatcakes'],worldbuilding,food,5e-generic,Flat oat cakes served with butter or honey.,,[],[],"['food', 'tavern', 'menu']",
dndvocab:worldbuilding:food:roast_fowl,Roast Fowl,['roast fowl'],worldbuilding,food,5e-generic,Roasted bird with herbs and crackling skin.,,[],[],"['food', 'tavern', 'menu']",
dndvocab:worldbuilding:food:mushroom_tart,Mushroom Tart,['mushroom tart'],worldbuilding,food,5e-generic,A savory tart filled with wild mushrooms.,,[],[],"['food', 'tavern', 'menu']",
dndvocab:worldbuilding:food:spiced_potatoes,Spiced Potatoes,['spiced potatoes'],worldbuilding,food,5e-generic,Roasted tubers tossed in salt and spices.,,[],[],"['food', 'tavern', 'menu']",
dndvocab:worldbuilding:food:turnip_mash,Turnip Mash,['turnip mash'],worldbuilding,food,5e-generic,Creamy mash with pepper and garlic.,,[],[],"['food', 'tavern', 'menu']",
dndvocab:worldbuilding:food:hunter_s_platter,Hunter'S Platter,"[""hunter's platter""]",worldbuilding,food,5e-generic,"Cured meats, cheese, pickles, and bread.",,[],[],"['food', 'tavern', 'menu']",
dndvocab:worldbuilding:drink:house_ale,House Ale,['ale'],worldbuilding,drink,5e-generic,"A dependable, slightly bitter ale brewed on-site.",,[],[],"['drink', 'tavern', 'menu']",
dndvocab:worldbuilding:drink:clear_lager,Clear Lager,['lager'],worldbuilding,drink,5e-generic,A crisp lager favored by travelers.,,[],[],"['drink', 'tavern', 'menu']",
dndvocab:worldbuilding:drink:dark_stout,Dark Stout,['stout'],worldbuilding,drink,5e-generic,A heavy stout with roasted notes.,,[],[],"['drink', 'tavern', 'menu']",
dndvocab:worldbuilding:drink:honey_mead,Honey Mead,['mead'],worldbuilding,drink,5e-generic,Sweet mead with a warm finish.,,[],[],"['drink', 'tavern', 'menu']",
dndvocab:worldbuilding:drink:apple_cider,Apple Cider,['cider'],worldbuilding,drink,5e-generic,"Bright cider, sometimes mulled with spice.",,[],[],"['drink', 'tavern', 'menu']",
dndvocab:worldbuilding:drink:table_wine,Table Wine,['wine'],worldbuilding,drink,5e-generic,Simple red or white wine in clay jugs.,,[],[],"['drink', 'tavern', 'menu']",
dndvocab:worldbuilding:drink:brandy,Brandy,['brandy'],worldbuilding,drink,5e-generic,A strong spirit for cold nights.,,[],[],"['drink', 'tavern', 'menu']",
dndvocab:worldbuilding:drink:whisky,Whisky,['whisky'],worldbuilding,drink,5e-generic,A smoky grain spirit; expensive in some regions.,,[],[],"['drink', 'tavern', 'menu']",
dndvocab:worldbuilding:drink:herbal_tea,Herbal Tea,['tea'],worldbuilding,drink,5e-generic,Steeping herbs to calm nerves and stomach.,,[],[],"['drink', 'tavern', 'menu']",
dndvocab:worldbuilding:drink:spiced_coffee,Spiced Coffee,['coffee'],worldbuilding,drink,5e-generic,"Dark brew, rumored to sharpen focus.",,[],[],"['drink', 'tavern', 'menu']",
dndvocab:monsters:iconic:lich,Lich,[],monsters,iconic,5e-generic,An undead spellcaster who has preserved their soul via a phylactery.,,[],[],"['monster', 'npc']",
dndvocab:monsters:iconic:dragon,Dragon,[],monsters,iconic,5e-generic,"A powerful reptilian creature; often intelligent, magical, and territorial.",,[],[],"['monster', 'npc']",
dndvocab:monsters:iconic:beholder,Beholder,[],monsters,iconic,5e-generic,A floating aberration with many eye rays and paranoia.,,[],[],"['monster', 'npc']",
dndvocab:monsters:iconic:mind_flayer,Mind Flayer,[],monsters,iconic,5e-generic,A psionic aberration that feeds on brains; also called an illithid.,,[],[],"['monster', 'npc']",
dndvocab:monsters:iconic:goblin,Goblin,[],monsters,iconic,5e-generic,A small humanoid raider often found in tribes.,,[],[],"['monster', 'npc']",
dndvocab:monsters:iconic:orc,Orc,[],monsters,iconic,5e-generic,A strong humanoid warrior culture; varies by setting.,,[],[],"['monster', 'npc']",
dndvocab:monsters:iconic:bandit,Bandit,[],monsters,iconic,5e-generic,A criminal ambusher or highway robber.,,[],[],"['monster', 'npc']",
dndvocab:monsters:iconic:cultist,Cultist,[],monsters,iconic,5e-generic,A devotee of a forbidden power or ideology; common minion archetype.,,[],[],"['monster', 'npc']",
dndvocab:monsters:iconic:necromancer,Necromancer,[],monsters,iconic,5e-generic,A spellcaster focused on death magic and undead.,,[],[],"['monster', 'npc']",
dndvocab:monsters:iconic:demon,Demon,[],monsters,iconic,5e-generic,A chaotic fiend from an abyssal realm.,,[],[],"['monster', 'npc']",
dndvocab:monsters:iconic:devil,Devil,[],monsters,iconic,5e-generic,A lawful fiend from a hellish realm; favors contracts and bargains.,,[],[],"['monster', 'npc']",
dndvocab:rules:dice:d4,d4,[],rules,dice,5e-generic,A four-sided die; often used for small damage or guidance.,,[],[],"['dice', 'table-talk']",
dndvocab:rules:dice:d6,d6,[],rules,dice,5e-generic,A six-sided die; common for damage and random tables.,,[],[],"['dice', 'table-talk']",
dndvocab:rules:dice:d8,d8,[],rules,dice,5e-generic,An eight-sided die; common for weapons and healing.,,[],[],"['dice', 'table-talk']",
dndvocab:rules:dice:d10,d10,[],rules,dice,5e-generic,A ten-sided die; used for damage and percentile (paired).,,[],[],"['dice', 'table-talk']",
dndvocab:rules:dice:d12,d12,[],rules,dice,5e-generic,A twelve-sided die; used for heavier weapon damage.,,[],[],"['dice', 'table-talk']",
dndvocab:rules:dice:d20,d20,[],rules,dice,5e-generic,"A twenty-sided die; the core die for checks, saves, and attacks.",,[],[],"['dice', 'table-talk']",
dndvocab:rules:dice:percentile_dice,Percentile Dice,[],rules,dice,5e-generic,Two d10s used to generate a 1–100 result (tens and ones).,,[],[],"['dice', 'table-talk']",
dndvocab:rules:dice:dice_pool,Dice Pool,[],rules,dice,5e-generic,A mechanic where you roll multiple dice and count successes (varies by system).,,[],[],"['dice', 'table-talk']",
dndvocab:rules:dice:critical_hit,Critical Hit,[],rules,dice,5e-generic,A special hit (often on a natural 20) that increases damage or effects (varies by edition).,,[],[],"['dice', 'table-talk']",
dndvocab:rules:dice:critical_fail,Critical Fail,[],rules,dice,5e-generic,A special failure (often on a natural 1) with complications (house rule varies).,,[],[],"['dice', 'table-talk']",
dndvocab:rules:dice:nat_20,Nat 20,[],rules,dice,5e-generic,Natural 20. Rolling a 20 on the d20 before modifiers.,,[],[],"['dice', 'table-talk']",
dndvocab:rules:dice:nat_1,Nat 1,[],rules,dice,5e-generic,Natural 1. Rolling a 1 on the d20 before modifiers.,,[],[],"['dice', 'table-talk']",
dndvocab:rules:meta_currency:inspiration,Inspiration,[],rules,meta_currency,5e,A meta-currency the DM can award for roleplay or heroics; commonly spent to gain advantage (5e).,,[],[],['rules'],
dndvocab:spells:meta:spell_entry_template,Spell Entry Template,[],spells,meta,5e-generic,"A schema concept for cataloging spells in a database: name, level, school, casting_time, range, components, duration, concentration, ritual, classes, tags, and a plain-language effect summary.",,"['{""name"":""Fireball"",""level"":3,""school"":""Evocation"",""range"":""150 ft"",""area"":""20-ft radius"",""save"":""DEX"",""damage"":""8d6 fire"",""concentration"":false}']",[],"['schema', 'llm-retrieval']",
dndvocab:spells:iconic:magic_missile,Magic Missile,[],spells,iconic,5e-generic,A reliable force-dart spell that automatically hits and can strike multiple targets.,,[],"['Spell Slot', 'Concentration', 'Spell Save DC']",['spells'],
dndvocab:spells:iconic:fireball,Fireball,[],spells,iconic,5e-generic,A classic explosive blast spell that deals heavy fire damage in an area.,,[],"['Spell Slot', 'Concentration', 'Spell Save DC']",['spells'],
dndvocab:spells:iconic:cure_wounds,Cure Wounds,[],spells,iconic,5e-generic,A touch-range healing spell that restores hit points.,,[],"['Spell Slot', 'Concentration', 'Spell Save DC']",['spells'],
dndvocab:spells:iconic:healing_word,Healing Word,[],spells,iconic,5e-generic,A quick ranged heal often cast as a bonus action (5e).,,[],"['Spell Slot', 'Concentration', 'Spell Save DC']",['spells'],
dndvocab:spells:iconic:shield,Shield,[],spells,iconic,5e-generic,A reactive defensive spell that boosts AC briefly (5e).,,[],"['Spell Slot', 'Concentration', 'Spell Save DC']",['spells'],
dndvocab:spells:iconic:misty_step,Misty Step,[],spells,iconic,5e-generic,A short-range teleport used to escape or reposition (5e).,,[],"['Spell Slot', 'Concentration', 'Spell Save DC']",['spells'],
dndvocab:spells:iconic:counterspell,Counterspell,[],spells,iconic,5e-generic,An interruption spell used to stop another spell being cast (5e).,,[],"['Spell Slot', 'Concentration', 'Spell Save DC']",['spells'],
dndvocab:spells:iconic:dispel_magic,Dispel Magic,[],spells,iconic,5e-generic,An effect that ends or suppresses ongoing magical effects.,,[],"['Spell Slot', 'Concentration', 'Spell Save DC']",['spells'],
dndvocab:spells:iconic:detect_magic,Detect Magic,[],spells,iconic,5e-generic,A basic divination to sense magical auras.,,[],"['Spell Slot', 'Concentration', 'Spell Save DC']",['spells'],
dndvocab:spells:iconic:invisibility,Invisibility,[],spells,iconic,5e-generic,A spell that makes a creature unseen for a duration (often concentration).,,[],"['Spell Slot', 'Concentration', 'Spell Save DC']",['spells'],
dndvocab:spells:iconic:fly,Fly,[],spells,iconic,5e-generic,A spell granting a creature the ability to fly for a duration.,,[],"['Spell Slot', 'Concentration', 'Spell Save DC']",['spells'],
dndvocab:spells:iconic:hold_person,Hold Person,[],spells,iconic,5e-generic,A control spell that paralyzes a humanoid on a failed save (5e).,,[],"['Spell Slot', 'Concentration', 'Spell Save DC']",['spells'],
dndvocab:spells:iconic:lightning_bolt,Lightning Bolt,[],spells,iconic,5e-generic,A line-shaped burst of lightning dealing damage.,,[],"['Spell Slot', 'Concentration', 'Spell Save DC']",['spells'],
dndvocab:spells:iconic:polymorph,Polymorph,[],spells,iconic,5e-generic,A transformative spell turning a creature into a beast form (5e).,,[],"['Spell Slot', 'Concentration', 'Spell Save DC']",['spells'],
dndvocab:spells:iconic:raise_dead,Raise Dead,[],spells,iconic,5e-generic,A spell that returns a dead creature to life with limitations.,,[],"['Spell Slot', 'Concentration', 'Spell Save DC']",['spells'],
dndvocab:spells:iconic:revivify,Revivify,[],spells,iconic,5e-generic,A quick resurrection spell with a short time limit (5e).,,[],"['Spell Slot', 'Concentration', 'Spell Save DC']",['spells'],
dndvocab:spells:iconic:speak_with_dead,Speak with Dead,[],spells,iconic,5e-generic,A necromantic interrogation spell that allows limited questions.,,[],"['Spell Slot', 'Concentration', 'Spell Save DC']",['spells'],
dndvocab:spells:iconic:summon_generic,Summon (Generic),[],spells,iconic,5e-generic,A family of spells that call creatures/spirits to aid the caster; specifics vary by spell.,,[],"['Spell Slot', 'Concentration', 'Spell Save DC']",['spells'],
dndvocab:rules:skills:stealth,Stealth,[],rules,skills,5e-generic,The practice of moving unseen or unheard; often resolved with a Dexterity (Stealth) check.,,[],[],['skill'],
dndvocab:rules:skills:perception,Perception,[],rules,skills,5e-generic,A skill for noticing details and threats; often Wisdom (Perception).,,[],[],['skill'],
dndvocab:rules:skills:investigation,Investigation,[],rules,skills,5e-generic,A skill for deducing clues and analyzing evidence; often Intelligence (Investigation).,,[],[],['skill'],
dndvocab:rules:skills:insight,Insight,[],rules,skills,5e-generic,A skill for reading emotions and intentions; often Wisdom (Insight).,,[],[],['skill'],
dndvocab:rules:combat:cover,Cover,[],rules,combat,5e-generic,Protection from attacks based on terrain/obstacles; typically grants bonuses to AC/Dex saves in some editions.,,[],[],['combat'],
dndvocab:rules:combat:half_cover,Half Cover,[],rules,combat,5e,Partial protection behind an obstacle; commonly a small defensive bonus (edition-specific).,,[],[],['combat'],
dndvocab:rules:combat:three_quarters_cover,Three-Quarters Cover,[],rules,combat,5e,Substantial protection; commonly a larger defensive bonus (edition-specific).,,[],[],['combat'],
dndvocab:rules:combat:total_cover,Total Cover,[],rules,combat,5e-generic,You can’t be targeted directly by attacks/effects that require line of effect.,,[],[],['combat'],
dndvocab:rules:senses:line_of_sight,Line of Sight,[],rules,senses,5e-generic,Whether you can visually see a target; affects spells and attacks.,,[],[],"['combat', 'exploration']",
dndvocab:rules:senses:line_of_effect,Line of Effect,[],rules,senses,5e-generic,Whether an effect can physically reach a target; blocked by solid barriers even if visible.,,[],[],"['combat', 'exploration']",
dndvocab:rules:senses:darkvision,Darkvision,[],rules,senses,5e,A sense that allows vision in darkness to a limited range (rules vary by edition).,,[],[],['exploration'],
dndvocab:rules:senses:blindsight,Blindsight,[],rules,senses,5e-generic,"A sense that perceives without relying on sight, within a range (rules vary).",,[],[],['exploration'],
dndvocab:rules:senses:truesight,Truesight,[],rules,senses,5e-generic,"A sense that sees through illusions and some invisibility, within a range (rules vary).",,[],[],['exploration'],
dndvocab:equipment:magic_items:magic_item,Magic Item,[],equipment,magic_items,5e-generic,"An item imbued with magical properties: weapons, armor, wondrous items, rings, rods, staves, scrolls, etc.",,[],[],['items'],
dndvocab:equipment:magic_items:wondrous_item,Wondrous Item,[],equipment,magic_items,5e,A catch-all category for magical items that aren’t weapons/armor/rings/rods/staves/scrolls (5e).,,[],[],['items'],
dndvocab:equipment:magic_items:attunement,Attunement,[],equipment,magic_items,5e,A bond required to use certain magic items; limited number of attuned items at once (5e).,,[],[],['items'],
dndvocab:equipment:magic_items:scroll,Scroll,[],equipment,magic_items,5e-generic,A consumable magic item that contains a spell; can be cast by reading it (rules vary).,,[],[],['items'],
dndvocab:equipment:magic_items:potion,Potion,[],equipment,magic_items,5e-generic,A consumable liquid item producing a magical effect when drunk.,,[],[],['items'],
dndvocab:equipment:magic_items:artifact,Artifact,[],equipment,magic_items,5e-generic,"A unique, legendary item of immense power with major story weight.",,[],[],"['items', 'lore']",
dndvocab:equipment:magic_items:cursed_item,Cursed Item,[],equipment,magic_items,5e-generic,A magic item with a harmful drawback or binding; often revealed over time.,,[],[],"['items', 'risk']",
dndvocab:worldbuilding:npc_roles:quest_giver,Quest Giver,[],worldbuilding,npc_roles,5e-generic,"An NPC who offers missions, jobs, or rewards.",,[],[],['npc'],
dndvocab:worldbuilding:npc_roles:patron,Patron,[],worldbuilding,npc_roles,5e-generic,A powerful sponsor who provides resources in exchange for service.,,[],[],['npc'],
dndvocab:worldbuilding:npc_roles:fence,Fence,[],worldbuilding,npc_roles,5e-generic,A buyer/seller of stolen goods; often linked to thieves.,,[],[],['npc'],
dndvocab:worldbuilding:npc_roles:informant,Informant,[],worldbuilding,npc_roles,5e-generic,"A source of secrets, rumors, or intel.",,[],[],['npc'],
dndvocab:worldbuilding:npc_roles:captain_of_the_guard,Captain of the Guard,[],worldbuilding,npc_roles,5e-generic,A law enforcement leader; may be ally or adversary.,,[],[],['npc'],
dndvocab:worldbuilding:npc_roles:sage,Sage,[],worldbuilding,npc_roles,5e-generic,"A scholar who provides lore, research, and guidance.",,[],[],['npc'],
dndvocab:worldbuilding:npc_roles:herbalist,Herbalist,[],worldbuilding,npc_roles,5e-generic,A nonmagical healer selling herbs and salves.,,[],[],['npc'],
dndvocab:worldbuilding:npc_roles:cartographer,Cartographer,[],worldbuilding,npc_roles,5e-generic,"A mapmaker selling charts, rumors, and routes.",,[],[],['npc'],
dndvocab:worldbuilding:npc_roles:shipwright,Shipwright,[],worldbuilding,npc_roles,5e-generic,A builder/repairer of ships; a contact in port towns.,,[],[],['npc'],
dndvocab:worldbuilding:npc_roles:stablemaster,Stablemaster,[],worldbuilding,npc_roles,5e-generic,The person in charge of mounts and stables.,,[],[],['npc'],
dndvocab:rules:skills:persuasion,Persuasion,[],rules,skills,5e-generic,"A skill for influencing through honest argument, charm, or diplomacy; often Charisma (Persuasion).",,[],[],['skill'],
dndvocab:rules:skills:deception,Deception,[],rules,skills,5e-generic,A skill for misleading through lies or misdirection; often Charisma (Deception).,,[],[],['skill'],
dndvocab:rules:skills:intimidation,Intimidation,[],rules,skills,5e-generic,A skill for influence through threats or dominance; often Charisma (Intimidation).,,[],[],['skill'],
dndvocab:meta:slang:murderhobo,Murderhobo,[],meta,slang,5e-generic,"A PC archetype that solves problems with violence and robs indiscriminately, often without ties to the world.",,[],[],['table-talk'],
dndvocab:meta:slang:rules_lawyer,Rules Lawyer,[],meta,slang,5e-generic,"A player who cites rule text frequently, sometimes to gain advantage or clarify disputes.",,[],[],['table-talk'],
dndvocab:meta:slang:min_max,Min-Max,[],meta,slang,5e-generic,Optimizing a character by maximizing strengths and minimizing weaknesses.,,[],[],['table-talk'],
dndvocab:meta:slang:powergaming,Powergaming,[],meta,slang,5e-generic,Prioritizing mechanical power over story/roleplay (value judgement varies).,,[],[],['table-talk'],
dndvocab:meta:slang:roleplay_heavy,Roleplay Heavy,[],meta,slang,5e-generic,A table style emphasizing character interactions and narrative over combat.,,[],[],['table-talk'],
dndvocab:meta:slang:crunchy,Crunchy,[],meta,slang,5e-generic,"A rules-dense, mechanics-focused play style.",,[],[],['table-talk'],
dndvocab:meta:slang:light_crunch,Light Crunch,[],meta,slang,5e-generic,A style with simpler mechanics and faster rulings.,,[],[],['table-talk'],
dndvocab:meta:slang:gritty,Gritty,[],meta,slang,5e-generic,"A tone with harsh consequences, scarce resources, and danger.",,[],[],['table-talk'],
dndvocab:meta:slang:heroic_fantasy,Heroic Fantasy,[],meta,slang,5e-generic,A tone where PCs are exceptional heroes facing epic threats.,,[],[],['table-talk'],
dndvocab:meta:slang:edge_case,Edge Case,[],meta,slang,5e-generic,A weird rules interaction that the table must interpret.,,[],[],['table-talk'],
dndvocab:meta:slang:table_contract,Table Contract,[],meta,slang,5e-generic,Unspoken or explicit agreement on behavior and expectations.,,[],[],['table-talk'],
dndvocab:meta:slang:fade_to_black,Fade to Black,[],meta,slang,5e-generic,Skipping explicit details of a scene while implying it occurred.,,[],[],['table-talk'],
dndvocab:meta:slang:montage,Montage,[],meta,slang,5e-generic,A narrative fast-forward summarizing travel or downtime.,,[],[],['table-talk'],
dndvocab:meta:slang:frontliner,Frontliner,[],meta,slang,5e-generic,A character who stays in melee and absorbs attacks.,,[],[],['table-talk'],
dndvocab:meta:slang:backliner,Backliner,[],meta,slang,5e-generic,A character who fights from range or supports behind the front.,,[],[],['table-talk'],
dndvocab:meta:slang:nova,Nova,[],meta,slang,5e-generic,Spending many limited resources at once for a big impact.,,[],[],['table-talk'],
dndvocab:meta:slang:alpha_strike,Alpha Strike,[],meta,slang,5e-generic,A coordinated opening round to overwhelm a foe quickly.,,[],[],['table-talk'],
dndvocab:meta:slang:kiting,Kiting,[],meta,slang,5e-generic,Staying out of melee while attacking at range and repositioning.,,[],[],['table-talk'],
dndvocab:meta:slang:tank,Tank,[],meta,slang,5e-generic,A character focused on survivability and drawing enemy attacks.,,[],[],['table-talk'],
dndvocab:meta:slang:dps,DPS,[],meta,slang,5e-generic,Damage per second. Shorthand for damage-focused roles.,,[],[],['table-talk'],
dndvocab:meta:slang:healer,Healer,[],meta,slang,5e-generic,A character focused on restoring HP and removing conditions.,,[],[],['table-talk'],
dndvocab:meta:slang:support,Support,[],meta,slang,5e-generic,"A character focused on buffs, control, and enabling allies.",,[],[],['table-talk'],
dndvocab:meta:slang:crowd_control,Crowd Control,[],meta,slang,5e-generic,"Abilities that restrict multiple enemies: stun, slow, fear, etc.",,[],[],['table-talk'],
dndvocab:meta:slang:face,Face,[],meta,slang,5e-generic,The party member who handles most social interactions.,,[],[],['table-talk'],
dndvocab:meta:slang:scout,Scout,[],meta,slang,5e-generic,The party member who explores ahead and gathers intel.,,[],[],['table-talk'],
